frameTime,F0semitoneFrom27.5Hz_sma3nz_amean,F0semitoneFrom27.5Hz_sma3nz_stddevNorm,F0semitoneFrom27.5Hz_sma3nz_percentile20.0,F0semitoneFrom27.5Hz_sma3nz_percentile50.0,F0semitoneFrom27.5Hz_sma3nz_percentile80.0,F0semitoneFrom27.5Hz_sma3nz_pctlrange0-2,F0semitoneFrom27.5Hz_sma3nz_meanRisingSlope,F0semitoneFrom27.5Hz_sma3nz_stddevRisingSlope,F0semitoneFrom27.5Hz_sma3nz_meanFallingSlope,F0semitoneFrom27.5Hz_sma3nz_stddevFallingSlope,loudness_sma3_amean,loudness_sma3_stddevNorm,loudness_sma3_percentile20.0,loudness_sma3_percentile50.0,loudness_sma3_percentile80.0,loudness_sma3_pctlrange0-2,loudness_sma3_meanRisingSlope,loudness_sma3_stddevRisingSlope,loudness_sma3_meanFallingSlope,loudness_sma3_stddevFallingSlope,jitterLocal_sma3nz_amean,jitterLocal_sma3nz_stddevNorm,shimmerLocaldB_sma3nz_amean,shimmerLocaldB_sma3nz_stddevNorm,HNRdBACF_sma3nz_amean,HNRdBACF_sma3nz_stddevNorm,logRelF0-H1-H2_sma3nz_amean,logRelF0-H1-H2_sma3nz_stddevNorm,logRelF0-H1-A3_sma3nz_amean,logRelF0-H1-A3_sma3nz_stddevNorm,F1frequency_sma3nz_amean,F1frequency_sma3nz_stddevNorm,F1bandwidth_sma3nz_amean,F1bandwidth_sma3nz_stddevNorm,F1amplitudeLogRelF0_sma3nz_amean,F1amplitudeLogRelF0_sma3nz_stddevNorm,F2frequency_sma3nz_amean,F2frequency_sma3nz_stddevNorm,F2amplitudeLogRelF0_sma3nz_amean,F2amplitudeLogRelF0_sma3nz_stddevNorm,F3frequency_sma3nz_amean,F3frequency_sma3nz_stddevNorm,F3amplitudeLogRelF0_sma3nz_amean,F3amplitudeLogRelF0_sma3nz_stddevNorm,alphaRatioV_sma3nz_amean,alphaRatioV_sma3nz_stddevNorm,hammarbergIndexV_sma3nz_amean,hammarbergIndexV_sma3nz_stddevNorm,slopeV0-500_sma3nz_amean,slopeV0-500_sma3nz_stddevNorm,slopeV500-1500_sma3nz_amean,slopeV500-1500_sma3nz_stddevNorm,alphaRatioUV_sma3nz_amean,hammarbergIndexUV_sma3nz_amean,slopeUV0-500_sma3nz_amean,slopeUV500-1500_sma3nz_amean,loudnessPeaksPerSec,VoicedSegmentsPerSec,MeanVoicedSegmentLengthSec,StddevVoicedSegmentLengthSec,MeanUnvoicedSegmentLength,StddevUnvoicedSegmentLength,participant_id
0.0,25.5957,0.2210887,22.03519,23.55837,27.02456,4.989365,141.3764,234.9266,80.33669,248.7269,0.09419776,0.6475271,0.06053254,0.06545231,0.1167182,0.05618563,1.412239,1.205616,0.9622276,1.035585,0.02149218,1.125926,1.117964,0.8503377,5.398129,0.3740698,9.571195,0.7040775,22.81606,0.2957036,533.4119,0.3480785,1414.45,0.1497379,-166.1317,-0.4312166,1497.405,0.1595254,-166.5788,-0.4119237,2444.425,0.09021969,-167.538,-0.3976627,-16.05659,-0.3176561,24.98152,0.2276192,-0.009319182,-2.051908,-0.007145931,-1.922646,-15.07863,25.55667,-0.02441586,0.009155789,0.7353814,1.018794,0.1787581,0.177598,0.7898303,1.752425,302
0.0,33.28882,0.1125542,31.28851,33.14382,35.49654,4.208035,181.8962,327.014,50.02539,118.0827,0.1617373,0.8338291,0.06059974,0.09886402,0.2598896,0.1992898,3.149343,2.242711,2.304573,1.770934,0.02501013,1.958272,1.071826,0.8934414,8.328702,0.3522238,1.875263,5.239411,22.4363,0.480745,633.1882,0.2493218,1467.287,0.1340918,-127.2733,-0.7191527,1608.312,0.1389866,-129.2796,-0.6662875,2512.43,0.09781022,-132.2219,-0.623888,-14.63827,-0.458256,26.36675,0.2983785,0.01798892,1.292798,-0.0176238,-0.8858887,-15.22682,25.3725,-0.01710172,0.004484283,1.636067,1.014981,0.18966,0.1747692,0.28813,0.5155998,303
0.0,34.86676,0.1077374,32.68687,34.45808,37.56078,4.873909,172.443,292.8351,77.22904,161.2512,0.1236522,0.8953304,0.056685,0.07412902,0.1728582,0.1161732,2.474233,2.101797,1.595664,1.571312,0.02288253,1.953539,0.9955858,0.8761445,8.822986,0.3538366,4.386203,1.998938,22.21108,0.4456391,631.1313,0.2430761,1436.85,0.1310551,-146.0406,-0.5865098,1624.104,0.1330824,-146.495,-0.5548838,2553.741,0.09000617,-148.388,-0.5281028,-15.21313,-0.4408882,25.04963,0.3169819,0.01460891,1.605005,-0.01496769,-1.008287,-15.84645,25.66524,-0.01964665,0.003904905,1.078742,1.261766,0.20092,0.2107893,0.48515,0.9070318,304
0.0,26.06966,0.1967212,22.6059,24.60255,29.01878,6.412882,189.1801,293.5469,66.44051,179.0218,0.4849289,0.7707746,0.1922304,0.3515318,0.7391034,0.546873,6.159391,5.225009,3.556879,3.170826,0.02436864,1.79232,1.225911,0.689449,4.747339,0.638954,5.774924,1.569277,26.97388,0.3538431,535.5219,0.2928129,1469.675,0.1252302,-141.6079,-0.6138114,1459.235,0.1523565,-144.3735,-0.566327,2402.694,0.1059385,-147.7632,-0.5198401,-18.00229,-0.3934104,31.45778,0.2544294,0.007638601,2.869057,-0.02614568,-0.5759705,-17.66698,30.00688,-0.01017643,-0.01661225,0.966555,0.5868751,0.18754,0.1913764,0.43594,0.6562299,305
0.0,34.62721,0.1228771,31.82877,34.06143,37.22575,5.396976,170.4091,321.4071,82.22297,240.486,0.6410657,0.765429,0.2167006,0.4850846,0.9977213,0.7810207,9.172115,5.961173,5.164584,3.798619,0.02215872,1.877604,1.16502,0.6675479,7.767994,0.4116383,2.540615,4.812887,23.90495,0.5518745,704.2911,0.2220623,1433.977,0.1467382,-115.3841,-0.8191887,1678.057,0.1280237,-117.2943,-0.7598155,2593.36,0.1000287,-120.7931,-0.7073854,-16.64447,-0.4920264,27.18219,0.362803,0.02927975,0.7616539,-0.0298824,-0.4900415,-16.23717,26.08909,-0.002982717,-0.01783683,1.768661,0.807285,0.23736,0.2340376,0.30846,0.5229732,307
0.0,19.67457,0.1973014,17.22443,19.11158,21.40499,4.180563,175.0125,350.4576,63.76731,131.5753,0.09358938,1.419881,0.01853436,0.02659664,0.1578659,0.1393316,3.165873,2.519333,2.616501,2.09904,0.03020386,1.04125,1.330854,0.9294942,2.830711,0.6913065,5.364384,1.06057,22.41683,0.3900728,487.2491,0.3137014,1345.622,0.1422163,-170.3356,-0.405583,1448.036,0.1323575,-171.769,-0.3817698,2432.729,0.08712738,-172.9089,-0.3641823,-14.25651,-0.4382289,24.15554,0.3141775,0.002002005,11.48532,-0.009191209,-1.694043,-21.32377,33.50702,-0.03381234,0.01501822,1.080614,1.009659,0.1453107,0.1411471,0.8296226,2.069811,310
0.0,22.8449,0.2314345,19.0806,22.0601,25.6487,6.568104,268.1088,488.3242,90.19508,194.9133,0.1222419,1.423088,0.01993908,0.0279884,0.2268385,0.2068994,4.142704,2.85886,3.460714,2.792054,0.02747478,1.241894,1.282838,1.007428,4.613985,0.6231427,4.865713,1.570802,28.46636,0.3401261,497.2766,0.2955201,1354.999,0.1377763,-164.808,-0.4472132,1469.287,0.1446296,-167.2027,-0.4080424,2506.667,0.08845353,-168.6234,-0.3868116,-19.23874,-0.3440454,29.15429,0.2591891,-0.002737439,-9.366987,-0.01883635,-0.975293,-19.8801,32.25792,-0.02634451,0.01688348,1.373435,1.164645,0.1504348,0.1861439,0.6938158,1.797526,312
0.0,22.84547,0.1193289,21.17851,22.29865,23.99605,2.817541,108.6724,290.0113,50.83872,136.6451,0.06865083,1.277166,0.01845705,0.02316577,0.1159292,0.09747217,1.875698,1.397171,1.484338,1.269927,0.02053277,1.494452,1.056859,1.125895,5.184428,0.3981759,4.964025,0.9044802,25.01922,0.3007185,471.495,0.292793,1358.44,0.1274542,-157.4153,-0.5109432,1411.33,0.1262981,-159.6223,-0.4770012,2395.305,0.08145706,-161.9049,-0.4438165,-14.96507,-0.3951778,26.69581,0.2408286,0.01018115,2.320563,-0.005509107,-3.358595,-18.75688,30.7253,-0.02196221,0.01729357,1.045384,0.7164369,0.2998518,0.2745434,1.077143,2.615308,313
0.0,23.62388,0.1457485,22.6054,23.79885,25.14148,2.536081,210.3588,298.4751,77.80793,235.5639,0.1894774,1.160642,0.02365148,0.110599,0.3328293,0.3091778,3.875344,3.262356,2.645958,2.815942,0.02421606,1.675434,1.09093,1.032495,5.125864,0.5985838,9.861063,1.694991,30.54621,0.4290579,503.3586,0.297968,1377.847,0.1308664,-147.6404,-0.5611308,1477.947,0.1677973,-150.9859,-0.5138844,2479.586,0.1073929,-153.7797,-0.4753608,-20.5871,-0.4397194,32.53217,0.2728433,-0.0136515,-2.25746,-0.01917453,-1.049647,-25.38509,37.74092,-0.03928095,0.008508561,0.861194,1.025284,0.15956,0.1851734,0.47894,0.8571265,315
0.0,21.00613,0.135747,19.63004,20.62776,21.92567,2.295631,99.04247,177.6089,54.05232,100.8581,0.0477627,1.306065,0.01749535,0.02227977,0.05610702,0.03861168,1.509511,1.179114,1.477239,1.274655,0.02371558,1.029485,1.252959,1.008208,4.25416,0.4548003,7.429104,0.7360587,24.92438,0.3288139,456.8985,0.2627764,1328.459,0.1375573,-175.5519,-0.3623701,1412.65,0.1405092,-177.0929,-0.3371055,2436.718,0.07830023,-178.001,-0.3217481,-17.31974,-0.3899622,27.67634,0.2481256,-0.005732047,-3.353729,-0.01020114,-1.544571,-19.7402,32.74178,-0.02563498,0.01912398,0.6812506,0.6076369,0.2096402,0.1679209,1.413043,3.023542,316
0.0,22.95749,0.1701138,19.91689,22.17316,25.58138,5.664488,173.7112,361.944,73.88936,235.1024,0.0709592,1.397112,0.01756526,0.02685126,0.1095511,0.09198583,2.245553,1.890448,1.678156,1.715564,0.02319903,1.292322,1.153296,1.061892,4.805354,0.5028434,3.522117,1.611381,22.78238,0.3497327,510.9948,0.2732651,1364.769,0.1370349,-166.7446,-0.4379966,1473.868,0.1514907,-168.8216,-0.4044879,2476.259,0.08491194,-170.0487,-0.3858168,-15.83773,-0.4319164,25.64973,0.2770341,0.01227262,1.840009,-0.01330992,-1.313525,-17.41797,28.78645,-0.01567689,0.01389134,0.7740189,0.6933056,0.2437097,0.2448503,1.195182,2.866166,317
0.0,21.49525,0.1868083,18.85979,20.16804,23.27396,4.414169,122.9314,248.8928,32.67135,64.91772,0.09370101,1.380857,0.01773697,0.0278203,0.1586079,0.140871,3.121687,2.597163,2.300779,2.18667,0.02524811,1.518264,1.095385,1.100722,4.667637,0.5240151,3.341464,1.482071,28.41363,0.2969692,513.4402,0.296697,1408.429,0.1289979,-158.4756,-0.5001342,1462.192,0.1396652,-161.1534,-0.4590594,2432.419,0.09228487,-163.105,-0.4310344,-17.95463,-0.3612534,28.60945,0.233749,0.004870767,4.564624,-0.01524308,-1.050403,-17.87289,29.41227,-0.01924678,0.01509803,0.8871667,0.7937857,0.2649893,0.2661876,0.9807758,2.425683,318
0.0,22.63025,0.1783611,19.42816,21.73073,25.72378,6.295618,152.8956,297.997,33.88865,70.84672,0.05280134,1.150405,0.0172091,0.0256094,0.0859623,0.06875321,1.027096,1.694299,0.777171,1.306001,0.02610915,1.598317,0.990284,1.018514,5.164736,0.4863622,8.014476,1.083458,25.70527,0.3426865,487.5472,0.3147279,1401.603,0.1458076,-162.0882,-0.469797,1444.078,0.151536,-164.4575,-0.4321302,2372.969,0.09204434,-165.4343,-0.4176742,-17.38387,-0.3530524,25.64583,0.2677725,0.01080223,2.072042,-0.008229489,-1.973974,-13.61202,23.83926,-0.01053984,0.01906817,0.2559991,0.7709964,0.252271,0.2442686,1.035695,2.215168,319
0.0,32.75333,0.1389438,30.16943,32.79631,35.89302,5.723593,187.9921,331.4505,91.99003,195.8442,0.07894135,1.628286,0.01909001,0.02855497,0.09535547,0.07626545,2.815384,2.418192,2.545408,2.545193,0.02836845,1.888098,1.022903,1.060557,8.593361,0.3690478,7.240008,1.486217,26.41899,0.448693,590.8601,0.2747723,1444.593,0.1380213,-170.8847,-0.4015647,1549.211,0.1464536,-171.1908,-0.3826035,2552.363,0.08931303,-172.4352,-0.363764,-16.4283,-0.4603155,26.8775,0.3261283,0.02384556,1.151764,-0.01375516,-1.085999,-18.96115,30.18817,-0.02651658,0.01262276,0.683962,0.7863618,0.1991831,0.1997486,1.067558,1.967431,320
0.0,31.05019,0.1030606,29.96604,31.13583,32.3993,2.43326,293.65,484.7538,75.6412,212.5689,0.05037893,1.079352,0.01867166,0.02347676,0.07784726,0.0591756,1.339476,1.041688,1.132046,0.9255338,0.02715859,2.055774,1.100906,1.048183,8.09431,0.3616206,6.226074,1.315001,28.37158,0.353016,606.2854,0.2377484,1440.246,0.1258971,-161.7295,-0.4698847,1595.41,0.1313015,-163.7498,-0.4357047,2605.179,0.09769237,-165.3706,-0.4123436,-16.08251,-0.4330578,27.06877,0.3389937,0.03304669,0.6758406,-0.008628918,-1.670625,-13.71761,25.4429,-0.007076296,0.01794347,1.129105,1.046432,0.1862093,0.1388167,0.7602243,2.135254,321
0.0,24.9923,0.1441962,23.53044,25.03608,27.19171,3.661266,231.0028,308.7186,94.58566,188.854,0.07064602,1.151386,0.01793152,0.02643527,0.1280738,0.1101423,1.636868,1.890711,1.236579,1.928533,0.04164935,1.992993,1.320354,0.9270191,5.581669,0.4378095,6.763082,0.9195,30.66915,0.2641499,480.7651,0.2530673,1364.788,0.1246659,-150.3999,-0.545764,1463.384,0.156322,-154.2772,-0.4884177,2409.313,0.08651917,-155.648,-0.4693658,-21.73539,-0.3301645,30.10379,0.2452369,0.00556152,4.091158,-0.01196159,-1.425864,-15.25162,26.40601,-0.01218212,0.01752153,0.5930722,0.9550734,0.20712,0.1749116,0.59447,1.752807,322
0.0,20.83933,0.137472,18.9196,20.54215,22.4157,3.496107,120.3331,253.8895,38.35352,117.3159,0.07219333,1.211288,0.01978983,0.03054161,0.1263876,0.1065978,1.57899,1.631692,1.198454,1.429778,0.03102914,1.057095,1.143963,0.906422,3.989416,0.4536273,7.011055,1.236478,24.0269,0.3528581,464.9512,0.2804514,1348.205,0.1432671,-157.8452,-0.4968677,1426.71,0.1265182,-160.2798,-0.4605882,2440.55,0.07660263,-161.6666,-0.4407393,-16.68213,-0.3936475,25.89333,0.2802511,-0.005617734,-4.244303,-0.005534356,-2.807967,-17.52058,29.20708,-0.02258269,0.01872489,0.67102,0.8485857,0.2563235,0.2398673,0.9225585,2.020683,324
0.0,32.78407,0.07310084,31.39747,32.34126,33.90559,2.508116,95.60123,203.6613,46.99096,204.7719,0.103075,0.9751301,0.0191681,0.0621047,0.1849208,0.1657528,2.393118,1.578036,2.101566,1.639477,0.02205185,1.784178,0.9256268,1.195043,9.233001,0.3073035,5.879764,1.293399,26.13333,0.3165298,606.5213,0.2591828,1408.519,0.1343612,-129.5145,-0.7003028,1584.399,0.1535771,-132.6282,-0.6409678,2590.175,0.09191961,-135.5306,-0.5997949,-16.37679,-0.4343312,27.50053,0.3100316,0.03233464,0.7540374,-0.01346999,-1.199439,-14.50592,26.21135,-0.01242704,0.01631413,1.886879,1.142936,0.21873,0.1732082,0.35867,1.495558,325
0.0,24.18879,0.1663568,21.50466,23.32453,25.94151,4.436846,183.4264,331.4943,79.18332,215.713,0.06184358,1.404576,0.01818164,0.02256993,0.09071831,0.07253668,1.612722,1.490416,1.323921,1.401679,0.02627546,1.395545,1.042535,1.091293,5.647295,0.3717862,7.558105,1.096936,27.58831,0.2944768,499.1285,0.3025423,1407.327,0.1398153,-169.9679,-0.4074349,1456.273,0.1510455,-171.3873,-0.3817078,2429.774,0.08954048,-172.504,-0.3644847,-18.39991,-0.3753583,27.54168,0.2425195,0.0006598817,39.0914,-0.01024685,-1.556245,-17.19849,29.35945,-0.01879959,0.01761476,0.6135671,0.6822668,0.2305451,0.248388,1.240407,2.62828,326
0.0,33.4527,0.08793473,31.83707,33.25479,35.23631,3.399242,283.1516,416.9903,33.79862,63.87694,0.07748006,1.305726,0.01875662,0.0281671,0.1221076,0.103351,1.946065,1.406646,1.622463,1.326869,0.02338366,1.913823,0.9782926,0.9875611,8.931956,0.3623559,4.778995,1.556097,24.44213,0.3694987,623.9274,0.2342995,1433.792,0.1372528,-150.6981,-0.5580028,1606.469,0.1392311,-152.2023,-0.5244573,2575.429,0.08773983,-154.2166,-0.495648,-13.59435,-0.4962576,24.15102,0.3351944,0.03563689,0.6410599,-0.01235565,-1.157903,-14.77984,26.37142,-0.007163985,0.01699134,1.056126,0.9004906,0.2846003,0.2381962,0.8268341,2.440543,327
0.0,27.30379,0.1239858,24.75078,26.76782,29.30798,4.557194,94.83551,263.8493,70.61118,272.8712,0.1454741,1.205134,0.01891293,0.06636286,0.2574386,0.2385257,3.480218,2.324157,3.05083,2.504105,0.02784907,1.322744,1.216752,0.9337949,5.912432,0.4831628,1.779768,4.234502,20.87387,0.4760098,504.5989,0.3720904,1383.542,0.1700315,-134.1169,-0.6832961,1488.822,0.1550806,-136.6832,-0.6316795,2483.704,0.08342997,-138.084,-0.6110783,-14.03328,-0.5177836,22.71995,0.3707109,0.02964011,0.9684616,-0.01243563,-1.379317,-14.08382,24.36853,-0.00535122,0.01523448,1.758372,0.9388437,0.24038,0.2023212,0.48532,1.534886,328
0.0,20.70357,0.172333,18.26816,19.92375,22.42802,4.159859,114.1598,226.1228,139.6325,683.0014,0.05942493,1.733388,0.01781394,0.02068955,0.07211205,0.05429811,2.086671,2.414536,1.64636,2.130482,0.02125663,1.444459,0.9691523,1.148263,4.31273,0.4984462,6.519452,0.7250386,22.62831,0.3667828,557.2712,0.2915137,1452.181,0.1427851,-179.3759,-0.3346671,1488.084,0.1124616,-180.3026,-0.3181665,2508.71,0.08939426,-181.1013,-0.3043072,-13.42831,-0.4698172,23.32309,0.3024292,0.01073854,1.934168,-0.005987308,-2.410207,-13.5423,24.9015,-0.008700596,0.01631757,0.3784884,0.4744374,0.2242076,0.2679048,1.862896,3.544217,330
0.0,24.57472,0.1204972,22.40604,23.90532,26.42192,4.015881,74.10527,125.9509,25.10074,52.45677,0.1138615,1.277536,0.01890727,0.03721839,0.1993009,0.1803937,2.746505,1.786571,2.755649,2.209974,0.02517744,1.188442,1.213305,0.9058176,5.105951,0.4397444,5.092196,1.430468,21.20953,0.4478199,528.1833,0.3995294,1476.603,0.1618876,-146.4311,-0.5853106,1461.436,0.1518181,-147.58,-0.5622926,2395.636,0.09747773,-149.8041,-0.5306015,-11.72876,-0.5533554,23.08826,0.330891,0.0180235,1.525044,-0.002691744,-6.101768,-13.13199,25.4149,-0.01013789,0.01889111,1.561086,1.143845,0.2379959,0.1974654,0.621473,1.70413,331
0.0,23.70996,0.1352532,21.97359,23.18854,24.92299,2.949408,201.6016,510.8772,43.01426,57.92002,0.08558377,1.331761,0.01727217,0.02380808,0.1539928,0.1367206,2.632615,1.730929,2.215721,1.64856,0.03131724,1.421703,1.382659,0.9498914,4.206477,0.5765561,2.228915,2.118017,21.96946,0.4024567,492.0127,0.3219851,1462.634,0.1376345,-170.0833,-0.4079999,1403.297,0.1412912,-171.3179,-0.3862175,2423.889,0.0800274,-172.6276,-0.3661269,-13.88528,-0.5034667,23.86096,0.3155993,0.01808316,1.199725,-0.01424954,-1.381822,-14.84873,26.57141,-0.008302017,0.01493175,1.533081,1.031736,0.13884,0.1214243,0.7326,1.828057,333
0.0,33.8613,0.1111857,32.19367,33.58255,35.89118,3.697506,216.1768,370.7662,106.1956,300.6264,0.09324387,1.173451,0.01826289,0.03316132,0.1668133,0.1485504,2.584975,1.935771,2.138831,1.724719,0.02816498,2.016045,1.015278,1.115229,9.071593,0.365086,5.027524,1.495848,21.94024,0.3932485,675.4794,0.2413166,1406.271,0.1598635,-151.865,-0.5371911,1673.308,0.1424017,-152.6698,-0.5093438,2590.375,0.09127726,-154.076,-0.4894004,-13.95151,-0.4822369,24.12505,0.3517637,0.03116627,0.780171,-0.01266098,-1.260548,-12.78067,23.88239,-0.005284081,0.01658935,1.572119,1.204761,0.19148,0.1772503,0.51773,1.433841,335
0.0,22.70826,0.1742967,19.75446,21.77271,25.13005,5.375599,143.3679,432.4813,36.64637,130.3308,0.07119449,1.357752,0.01848046,0.02603652,0.1096187,0.09113825,1.540858,1.245213,1.224532,1.166509,0.02215446,1.632865,0.971736,1.161911,5.639307,0.3791848,2.07369,2.364559,24.1065,0.357293,441.8573,0.250261,1310.249,0.1343397,-148.0721,-0.5742155,1408.099,0.1290251,-151.7585,-0.5192212,2431.91,0.069213,-153.1591,-0.4992343,-18.08372,-0.3878766,26.69309,0.3123257,0.00986167,2.725696,-0.008849586,-1.81196,-13.95123,25.72723,-0.008338029,0.02092794,0.9327785,0.796239,0.3356516,0.2558222,0.909637,1.942824,336
0.0,31.65634,0.1136186,29.17844,30.81969,33.73201,4.55357,139.9543,248.6593,52.54268,219.4945,0.1536891,1.356337,0.01945046,0.03715563,0.2879721,0.2685216,3.702701,2.528444,3.564859,3.744356,0.02211813,1.411245,0.9321329,1.142951,8.070152,0.3759529,1.04658,6.631495,18.78803,0.4596536,569.8707,0.2568987,1460.165,0.1189879,-141.0437,-0.6334291,1513.088,0.1286568,-142.7921,-0.5972717,2490.255,0.07441989,-145.0745,-0.564606,-11.41357,-0.5014442,22.25472,0.3408678,0.04127311,0.6073065,-0.01475376,-1.035239,-14.54032,26.32646,-0.009070226,0.01559117,1.156186,1.114444,0.2671428,0.2294594,0.6292701,1.908343,338
0.0,17.79699,0.1348993,16.14983,17.54729,19.1003,2.95047,130.8034,210.9575,17.76855,42.84945,0.07902987,1.157426,0.01860251,0.02733505,0.1390361,0.1204336,1.844363,1.243823,1.480609,1.128724,0.02370504,1.166145,1.09304,1.11219,2.925056,0.5734114,4.690981,1.147432,28.04987,0.2797418,474.7476,0.2843452,1377.503,0.1274406,-153.443,-0.5311776,1404.422,0.1360775,-156.3121,-0.4891634,2381.974,0.08037207,-158.4661,-0.4588896,-17.48597,-0.3285328,28.40911,0.2022963,-0.006040464,-3.613643,-0.007017875,-2.690848,-15.22844,27.3357,-0.015521,0.01765053,1.466004,1.158963,0.19778,0.1838675,0.63454,1.643835,339
0.0,19.35917,0.1722404,17.35329,18.65932,20.63424,3.280952,112.9279,288.4923,55.49394,147.1165,0.06703753,1.526459,0.01659128,0.02006499,0.100001,0.08340969,2.04859,1.577819,1.715273,1.470788,0.02304869,1.381871,1.221096,0.8959861,3.420067,0.5550281,4.656765,1.005346,22.85628,0.3256483,442.2118,0.2459839,1314.553,0.1247354,-171.1451,-0.4055921,1382.298,0.1208316,-172.904,-0.3762543,2333.994,0.07511584,-174.0124,-0.3587421,-15.69018,-0.3566354,25.52499,0.2638694,0.01019905,1.924557,-0.008870641,-1.885301,-15.60434,26.4249,-0.009769826,0.01395808,0.744214,0.6024297,0.24241,0.2292419,1.393204,3.041837,340
0.0,32.71861,0.1268113,30.52242,31.98144,34.80429,4.281878,177.2549,260.5838,95.35071,277.4118,0.08783427,1.163294,0.01926147,0.0367579,0.1546147,0.1353533,2.277423,2.137255,1.653978,1.894213,0.02387631,2.067647,1.05396,0.9834298,8.71322,0.3243574,4.455291,1.582923,27.14706,0.325635,666.9929,0.227205,1410.779,0.1364546,-152.2478,-0.5363443,1649.474,0.136672,-153.8841,-0.4989152,2635.389,0.08358043,-155.9467,-0.4699699,-16.51169,-0.4032214,27.14185,0.287709,0.02680925,0.7978833,-0.01556394,-1.005177,-15.4523,26.64063,-0.01417732,0.01291878,0.9752274,1.152817,0.20321,0.170171,0.55587,1.455924,341
0.0,22.0846,0.193015,19.9102,21.37664,23.4243,3.514095,348.1479,818.9811,54.00745,84.0974,0.0398844,1.054317,0.0175248,0.0214662,0.05391632,0.03639152,0.9287543,0.8962426,0.6370745,0.6210389,0.02230608,1.025749,1.12623,0.9006668,4.480996,0.4087111,2.077239,3.363028,20.68124,0.3909501,443.2881,0.2762366,1353.791,0.1382997,-173.2232,-0.384719,1344.11,0.1424817,-174.3037,-0.3648777,2352.323,0.06981476,-175.6341,-0.3435497,-14.68539,-0.4474696,24.19793,0.3021238,0.01232186,1.367512,-0.008076013,-1.98377,-13.31947,24.3893,-0.00790146,0.01973857,0.5057749,0.6125706,0.2252993,0.2036521,1.371481,3.678973,343
0.0,19.93036,0.1736172,17.65491,19.33134,21.51329,3.858379,169.6961,249.6208,48.86378,232.0494,0.231866,1.364769,0.01981488,0.08618385,0.3982584,0.3784435,6.156299,5.196661,5.267345,5.02275,0.0284986,1.243288,1.295462,0.9449405,2.903825,0.7289152,0.7244878,6.882867,18.87511,0.4649377,497.7187,0.330781,1342.903,0.1489984,-142.3425,-0.6144193,1483.801,0.158079,-145.2028,-0.571149,2430.291,0.09054688,-146.5409,-0.5517939,-13.38158,-0.5099005,21.7693,0.3596398,0.005401625,4.197239,-0.01768558,-0.9747486,-15.07663,26.56691,-0.0177409,0.01208519,1.236142,0.917061,0.18276,0.1851678,0.47436,1.12749,344
0.0,35.98959,0.107018,33.41763,35.23991,38.31335,4.895721,90.61237,147.8093,54.83487,191.9152,0.1703741,1.206076,0.02239653,0.08139493,0.2944274,0.2720309,3.906682,3.153696,2.899663,2.462995,0.01994874,2.004993,0.9528461,1.0665,9.723027,0.3685513,6.452934,1.515127,21.25104,0.4817086,646.655,0.2723942,1463.049,0.1561493,-123.6283,-0.7636051,1587.772,0.1395453,-122.4388,-0.7387202,2548.336,0.09120771,-125.0588,-0.6977165,-10.85039,-0.7131951,22.5708,0.3591355,0.05065326,0.5115127,-0.008609126,-1.939836,-12.48599,22.78362,-0.0008108267,0.01149102,1.340236,1.2597,0.27467,0.211354,0.37731,1.077771,345
0.0,31.13241,0.1603568,29.28743,31.96517,34.40793,5.120501,287.846,346.4074,96.03175,172.9702,0.07979369,1.102971,0.01785564,0.0378841,0.1353775,0.1175219,1.891178,1.568045,1.442658,1.405664,0.03963853,2.062794,1.08598,1.014419,7.649248,0.4826192,9.39607,1.103847,26.7204,0.3977295,648.0908,0.259057,1387.366,0.1532787,-147.7693,-0.5712091,1636.658,0.1434141,-149.9503,-0.5292667,2593.971,0.1145919,-151.9512,-0.501476,-16.313,-0.4582294,26.5217,0.3310379,0.02436213,0.9033215,-0.008537143,-2.039147,-14.79423,25.66521,-0.005556914,0.01125344,1.08693,0.8185048,0.20586,0.1819051,0.52055,1.423528,346
0.0,22.93341,0.1036515,21.25533,22.36393,24.45864,3.203304,172.186,263.1658,16.0258,14.04899,0.0442806,1.507093,0.0161865,0.01839298,0.03873828,0.02255179,1.751815,1.341863,1.576893,1.322819,0.02295818,1.13398,1.30676,0.9688933,5.102146,0.3424815,-2.132744,-3.022632,19.39661,0.464975,453.2214,0.306661,1372.709,0.1380149,-176.6252,-0.3560399,1376.903,0.1337558,-177.9099,-0.3340739,2383.307,0.07456492,-178.9839,-0.3164282,-15.85734,-0.4046015,26.58891,0.29871,0.006127527,3.490018,-0.006610064,-2.662842,-16.26762,27.74717,-0.01169478,0.01814842,0.6867346,0.5020114,0.242899,0.2039409,1.75132,4.236932,347
0.0,32.79577,0.1156165,31.27731,32.76131,34.87703,3.599724,240.1562,379.5525,59.97601,158.9012,0.08509602,1.26678,0.0174641,0.0286042,0.1494364,0.1319723,2.485658,1.649688,2.099421,1.658708,0.02633869,2.177914,1.006113,1.036817,9.133405,0.3448021,7.230278,1.229297,25.97325,0.3373717,595.6844,0.2609904,1392.527,0.1227282,-149.8326,-0.5657447,1543.133,0.1177241,-152.058,-0.523501,2589.57,0.07882396,-154.1396,-0.4939593,-15.41978,-0.4096013,26.13387,0.3004352,0.03895859,0.6176918,-0.009152939,-1.639889,-15.28793,25.8986,-0.005329933,0.01390574,1.308053,1.014819,0.2523014,0.2048258,0.7386931,1.986922,348
0.0,31.67612,0.08890919,29.64018,31.27034,33.49744,3.857256,66.42548,127.7755,31.38369,57.78655,0.06890175,1.04825,0.01807106,0.03739291,0.1106564,0.09258538,1.637606,1.36144,1.264706,1.349456,0.02247572,1.506967,1.020012,1.098507,8.185269,0.3663254,3.169867,2.188645,24.40304,0.3167348,563.3716,0.2512023,1424.135,0.1241023,-141.1985,-0.6271642,1503.228,0.1297038,-143.7382,-0.5811725,2498.435,0.07395856,-146.6168,-0.5403923,-13.93145,-0.4605268,25.53056,0.2582605,0.03622287,0.5956526,-0.007946402,-1.860179,-13.93099,24.87057,-0.004549972,0.01470072,1.064879,1.134121,0.20929,0.1799733,0.49013,1.595501,350
0.0,33.70395,0.07980548,32.19606,33.25634,35.05824,2.862179,249.693,455.3132,34.96638,73.12215,0.1094249,1.046184,0.0226929,0.05077867,0.2006272,0.1779343,2.387579,1.725209,1.83945,1.608226,0.01644937,1.676756,0.770395,1.251425,10.17765,0.295731,6.515627,1.342176,19.55757,0.4554085,632.5185,0.2702872,1390.272,0.1440393,-139.8284,-0.623314,1623.467,0.1341883,-140.7755,-0.5899165,2586.384,0.07475903,-142.4652,-0.5658473,-14.54227,-0.5072243,24.25414,0.3451579,0.01948258,1.406681,-0.00649856,-2.472592,-15.92698,27.62629,-0.02280071,0.01650972,1.351369,1.202017,0.2689514,0.2121919,0.55802,1.529784,351
0.0,33.14238,0.1444267,32.15219,33.56078,35.82639,3.674202,368.3158,433.9066,85.21519,141.8983,0.1345094,1.063395,0.02216407,0.07896964,0.2373626,0.2151985,2.926099,2.010062,2.239897,1.738611,0.03410051,2.355423,1.060835,1.100222,9.041376,0.4110563,4.792209,1.657851,21.90437,0.4006537,642.7692,0.2311011,1403.739,0.1365493,-129.2394,-0.7049438,1626.141,0.1232357,-131.6906,-0.6552402,2639.136,0.08096983,-133.9738,-0.6217749,-14.44853,-0.5458682,24.84998,0.3552508,0.02629744,1.041978,-0.0124272,-1.11314,-16.67887,28.45187,-0.01792656,0.01302525,1.866884,1.315738,0.21267,0.1800138,0.35517,1.1282,352
0.0,32.7412,0.1111207,29.98026,32.34467,35.6019,5.621647,140.5267,321.3122,27.45244,58.36221,0.1425644,1.205657,0.0178843,0.05115427,0.2720535,0.2541692,3.279506,2.25939,2.936541,2.234388,0.01879347,1.869109,0.8664715,1.17308,9.097739,0.3474784,2.383606,3.283325,17.90728,0.5278275,644.5944,0.2390464,1439.341,0.1367678,-134.3177,-0.6746609,1599.859,0.1225282,-135.5713,-0.6413553,2587.134,0.09217171,-137.9443,-0.6074702,-11.67702,-0.5413579,22.01759,0.4140955,0.03455097,0.7904845,-0.01084841,-1.444305,-14.38903,25.48849,-0.01035935,0.01525843,1.62343,1.252052,0.271189,0.2447595,0.5273784,1.646412,353
0.0,27.38404,0.08125935,25.87586,26.97379,28.54686,2.670998,213.4203,341.4855,33.09784,124.6084,0.08597586,0.9899861,0.02060882,0.04423749,0.1523991,0.1317903,1.298545,1.000451,1.122429,0.9892901,0.01866958,1.537801,0.9049052,1.054953,8.232698,0.2033401,5.699784,0.7959598,30.39575,0.2301724,499.4344,0.2627939,1497.504,0.1249932,-136.9499,-0.6387112,1466.612,0.1316968,-141.1028,-0.5752589,2370.412,0.1097546,-144.2441,-0.5327828,-20.89771,-0.2913112,33.93393,0.1884756,0.009560998,2.155811,-0.008722532,-1.533699,-13.55801,25.68216,-0.01129093,0.01873676,0.9293157,0.9605123,0.3489352,0.2883273,0.6822727,2.133945,355
0.0,23.67156,0.1502641,21.68208,23.13231,25.02794,3.345869,173.4519,364.705,64.81934,163.7937,0.08013988,1.037173,0.01969641,0.03878121,0.141066,0.1213696,1.602877,2.044132,1.222528,2.189999,0.02724702,1.665764,1.167395,1.059979,5.668653,0.3791176,4.548996,0.9476053,27.58485,0.3213806,549.1365,0.2545266,1372.739,0.115126,-149.1297,-0.5500679,1520.203,0.1271203,-152.1878,-0.5056143,2554.437,0.09378745,-154.4877,-0.4735142,-18.42723,-0.3511799,29.51029,0.263694,-0.0007691387,-27.18916,-0.01280173,-1.161683,-14.95529,26.42011,-0.01754151,0.0153751,0.5503203,1.048284,0.1856,0.1528877,0.51484,1.21168,356
0.0,25.10491,0.1524876,23.10253,24.34699,26.61659,3.514055,155.1884,309.4354,119.1546,233.6661,0.08380614,1.470365,0.01939387,0.02782107,0.1138507,0.09445678,2.716994,2.180834,2.479555,2.438951,0.02558055,1.698211,1.164353,0.9691835,5.656785,0.5081905,6.910412,0.6454571,24.88235,0.3573255,532.272,0.2878436,1436.657,0.1313845,-170.9765,-0.4010955,1498.471,0.1200208,-172.5144,-0.3757088,2486.304,0.07610471,-173.5013,-0.3601095,-14.30732,-0.4988339,24.92729,0.3410217,0.01274353,1.72324,-0.00867071,-1.621118,-16.17455,28.00719,-0.01436163,0.01564049,1.048723,0.7667454,0.1932704,0.2127404,1.101111,2.191185,357
0.0,25.45562,0.1630262,22.7476,24.69678,27.36042,4.612823,238.2012,422.6159,51.94571,81.01498,0.06336337,1.222372,0.01695886,0.02567055,0.109777,0.09281815,2.036019,1.557519,1.401147,1.389279,0.02736226,1.512688,1.078804,0.9311491,5.553982,0.475494,6.441309,1.21705,23.82538,0.3976305,509.4128,0.3000267,1381.336,0.1414128,-165.9909,-0.4388496,1455.957,0.1455954,-167.4699,-0.4127347,2439.712,0.09021971,-168.7939,-0.3928521,-14.71473,-0.4538641,24.98104,0.3358772,0.01502247,1.366182,-0.01222966,-1.224038,-14.98238,25.81044,-0.00795121,0.01363494,1.074256,0.9693752,0.177293,0.1601223,0.8360384,2.050837,358
0.0,35.30655,0.06903006,33.58432,34.93633,37.01662,3.432301,121.1917,308.3521,33.72441,99.15963,0.1072817,1.190463,0.02125071,0.04145234,0.1859119,0.1646612,2.498723,1.602086,2.06179,1.498966,0.01934611,1.552239,0.8102784,1.127506,11.05811,0.2498838,7.896221,1.250416,30.98914,0.3019683,626.9768,0.2659793,1429.25,0.1453077,-143.8158,-0.5929753,1593.455,0.1598686,-144.2419,-0.556584,2638.119,0.106561,-147.576,-0.5109394,-20.06668,-0.4232607,34.13644,0.252672,0.03198097,0.8671889,-0.01129757,-1.413408,-14.99468,26.83681,-0.009291959,0.01473076,1.378324,0.9833311,0.3208545,0.2670201,0.6799535,2.020139,360
0.0,28.81407,0.1774789,26.87316,29.9784,32.25724,5.384079,247.5246,274.5379,109.5664,193.5409,0.08518259,1.208089,0.01843589,0.03144288,0.1503254,0.1318895,2.014119,1.354524,1.795675,1.433641,0.04639848,2.243801,1.130821,1.025994,7.235054,0.4496629,4.661225,1.445781,25.80013,0.3118641,608.8718,0.2468518,1395.73,0.1308378,-160.2947,-0.4784907,1579.96,0.1353775,-162.5287,-0.4416213,2589.707,0.08087388,-163.824,-0.4231216,-16.97674,-0.3348869,26.52411,0.2552527,0.02209341,0.9610333,-0.01548734,-0.9922625,-15.5987,26.85619,-0.00963637,0.0155045,1.111506,1.121768,0.1805136,0.1352832,0.7118068,1.808946,362
0.0,25.32003,0.1145616,23.59009,24.66872,26.45454,2.864445,144.1742,353.1765,50.48092,169.3625,0.08637171,1.047918,0.01985381,0.04941228,0.1404984,0.1206446,1.702284,1.277392,1.377567,1.390056,0.02346685,1.661497,1.020897,1.046071,6.208228,0.3515452,3.79249,1.349256,22.80676,0.3817664,476.6598,0.2669959,1385.024,0.1423683,-129.8894,-0.7022343,1443.176,0.1370968,-133.9401,-0.6399129,2426.64,0.08373981,-136.5268,-0.6028038,-16.15858,-0.5013478,26.10535,0.3342302,0.009495738,2.51409,-0.009341232,-1.596532,-14.94946,25.89199,-0.007864784,0.01258659,1.115648,0.8149694,0.28126,0.242297,0.50782,1.613409,363
0.0,22.2752,0.2227452,18.79757,20.99708,24.83328,6.035717,166.2734,326.4316,51.34909,99.09576,0.1268925,1.041583,0.02120935,0.07793354,0.214915,0.1937057,2.908602,2.390464,2.451019,2.199792,0.03535082,1.110709,1.472026,0.8847964,3.861975,0.6739798,4.325705,1.057182,25.14916,0.3469849,527.1801,0.2755024,1407.656,0.134286,-149.7778,-0.5512461,1497.066,0.142481,-152.6659,-0.5065033,2506.902,0.09247255,-154.614,-0.4794595,-15.84166,-0.45756,26.57317,0.2933862,0.005765367,3.670167,-0.01191585,-1.351646,-15.43529,26.37433,-0.0147011,0.009559157,1.348871,0.5613437,0.14811,0.133558,0.44467,1.02126,364
0.0,25.0043,0.1960183,21.42936,23.85158,27.76365,6.334293,140.5189,259.1614,59.60464,153.653,0.1017377,1.143708,0.01956136,0.05602055,0.1620171,0.1424558,2.872223,2.520083,2.0031,2.122332,0.02790016,1.292298,1.259574,1.000486,4.798795,0.6239814,7.284971,1.259224,23.21856,0.4731007,494.0775,0.3187689,1373.747,0.145999,-147.8604,-0.5691513,1472.282,0.1466502,-149.8815,-0.5330554,2434.836,0.09368214,-151.6471,-0.5080251,-15.04627,-0.552785,25.62772,0.344007,0.004434039,6.104721,-0.007038883,-2.475683,-18.0772,29.677,-0.02515566,0.01405015,1.12517,0.7618235,0.1742,0.1662377,0.48491,1.157416,366
0.0,25.57617,0.113921,23.40689,25.28426,27.4799,4.073009,100.9209,276.572,55.39233,177.7401,0.07970915,1.04713,0.0189916,0.0412628,0.1356024,0.1166108,1.465426,1.402824,1.125309,1.384692,0.02452822,1.186927,1.141546,0.9720162,6.117137,0.3741038,4.858071,1.245512,27.08256,0.3429369,461.9291,0.2490009,1343.139,0.1256125,-129.4831,-0.7140813,1432.17,0.1260875,-134.3098,-0.6393565,2415.308,0.07727308,-137.2128,-0.5978553,-17.55016,-0.4306571,28.16675,0.2979557,0.01316185,1.851064,-0.005955406,-2.803114,-16.62724,28.47329,-0.01188358,0.01356115,0.6444755,0.610896,0.27415,0.2319619,0.48998,1.349135,367
0.0,28.95463,0.1258461,26.29406,28.31852,31.30745,5.013393,142.2557,368.6316,42.87199,144.2903,0.1638255,1.023624,0.02875894,0.09949037,0.2860512,0.2572922,3.608999,2.521299,2.769048,2.689677,0.02518785,1.552136,1.058179,0.9888093,7.165099,0.3782462,5.353064,1.364566,21.52872,0.3554222,510.7213,0.3289185,1425.286,0.1472008,-111.4696,-0.8604429,1472.739,0.1378902,-114.9801,-0.784913,2382.001,0.07793169,-116.9823,-0.7520464,-14.0798,-0.45399,22.31709,0.2906626,0.02936789,0.8669166,-0.01011772,-1.590903,-13.29062,23.95208,-0.002894592,0.01321326,1.539722,0.738149,0.27094,0.2438159,0.38739,1.172178,368
0.0,35.23413,0.1262967,32.99453,34.64923,37.54003,4.545498,169.1304,277.0883,66.75883,166.1987,0.155457,1.096572,0.03183903,0.0873817,0.2652696,0.2334305,3.458138,3.053075,2.75628,2.964117,0.02465085,2.274599,0.8779351,1.18637,10.44391,0.3186251,6.286241,1.354137,26.28599,0.3851016,702.4739,0.2084484,1350.375,0.1630061,-120.7244,-0.760861,1714.342,0.1358972,-123.7513,-0.6895206,2716.739,0.09020196,-126.3238,-0.6524717,-17.29626,-0.4654849,27.7907,0.3430371,0.03238326,0.8592857,-0.01631926,-1.004092,-15.53479,25.87152,-0.01492892,0.01129039,1.352429,0.9605871,0.24751,0.2267334,0.35128,0.9628211,369
0.0,23.08253,0.1478162,20.59258,22.38795,25.01267,4.420086,165.4059,370.909,30.49163,95.83762,0.1677023,1.017383,0.02578774,0.1179239,0.2785992,0.2528115,3.2349,2.881094,3.011415,2.787695,0.02787682,1.328895,1.218415,0.9214242,4.841063,0.4370061,6.69032,0.8328522,22.75032,0.3120202,471.9998,0.2210222,1305.708,0.1243532,-117.5585,-0.8025207,1446.291,0.1190601,-123.1345,-0.7134333,2491.916,0.06344355,-125.5921,-0.6768156,-15.52271,-0.3824403,23.84408,0.2863228,0.01102915,2.049028,-0.01371448,-1.133645,-13.94437,24.5231,-0.01032163,0.01082484,1.586973,0.8274515,0.2631,0.2384155,0.36458,1.303859,370
0.0,21.32793,0.2232805,18.47334,20.21716,23.19827,4.724924,168.9685,331.7113,91.72639,284.8639,0.07152542,1.406621,0.01734627,0.02369027,0.1126548,0.09530851,2.398918,2.589628,2.004178,2.440622,0.02836074,1.4717,1.123828,1.100733,4.517584,0.5977517,3.925922,1.35441,34.55962,0.2507457,577.6558,0.283303,1468.134,0.1284643,-173.7733,-0.3762971,1511.075,0.1502614,-175.3552,-0.3487493,2516.004,0.1113384,-177.1431,-0.3205167,-19.91011,-0.2891194,33.03785,0.1823893,-0.0001334672,-163.5159,-0.01766486,-0.9003341,-17.44099,28.63835,-0.0141633,0.01217376,0.6833463,0.7459085,0.1809853,0.1580639,1.138544,2.293278,371
0.0,34.77443,0.1445316,32.19581,34.84237,38.15965,5.963833,233.0582,346.4752,80.7244,130.4498,0.120937,1.445681,0.01803501,0.03079829,0.2121435,0.1941085,3.962921,3.398199,3.066702,2.539309,0.03531198,1.745265,1.180753,0.9876806,8.029867,0.4682171,6.271529,1.458228,23.36513,0.4172043,656.2747,0.2203155,1379.231,0.1340193,-154.3597,-0.5267701,1653.77,0.1217808,-154.9745,-0.4979531,2635.307,0.08372634,-156.3477,-0.4786287,-14.59275,-0.4743057,24.16395,0.3618053,0.03591068,0.7688619,-0.01619514,-0.8934361,-18.74162,30.33502,-0.01513911,0.01030308,1.215573,0.6606591,0.16701,0.1441671,0.55228,1.438038,372
0.0,30.40278,0.1133048,28.38469,29.94453,32.44487,4.060183,178.4815,295.0563,95.04625,290.4717,0.1522157,1.130558,0.02153413,0.07140263,0.2856777,0.2641436,4.034403,3.113655,2.90884,2.63081,0.02182656,1.810562,1.001221,1.166808,7.941939,0.3960875,2.677855,2.546313,20.95099,0.3890028,585.3691,0.2436227,1403.923,0.119969,-142.2147,-0.6165273,1572.092,0.1327167,-144.9727,-0.570115,2556.296,0.07698747,-146.6315,-0.5463026,-13.93789,-0.4682909,23.10962,0.3227477,0.02820192,0.8957095,-0.01753542,-0.8513703,-16.91247,28.30874,-0.01640325,0.01041484,1.298449,0.7766145,0.18929,0.179095,0.43758,1.179287,374
0.0,25.36877,0.1704868,22.45533,24.45975,27.1411,4.685772,208.4184,390.9919,85.78621,157.1907,0.05998312,1.419712,0.01831705,0.02454537,0.07266994,0.05435289,2.166584,2.386935,1.884946,2.037338,0.03048344,1.413606,1.193987,0.934543,5.502929,0.4649263,4.881266,1.615375,23.97852,0.3946603,502.7514,0.2759168,1347.75,0.1410899,-172.9457,-0.3883131,1503.514,0.1413414,-174.6293,-0.3578864,2465.883,0.08605975,-175.2809,-0.3474433,-16.80434,-0.413182,25.86562,0.3061423,0.008819914,2.920458,-0.0103231,-1.42527,-18.70408,30.39871,-0.01807165,0.01339397,0.6326567,0.6810059,0.201182,0.1993761,1.210759,2.238686,375
0.0,33.07742,0.1280693,31.56228,33.04557,34.96774,3.405458,305.439,527.764,90.77943,167.6059,0.1354851,1.160611,0.02156515,0.05685126,0.244104,0.2225389,2.948135,1.886858,2.462485,2.047552,0.02637804,2.096016,0.9412223,1.168342,9.148294,0.3674085,9.358463,0.9712069,28.3421,0.3421165,671.633,0.2558406,1449.093,0.1451969,-143.3368,-0.6022151,1632.453,0.1495965,-144.9593,-0.5619605,2595.002,0.1040045,-147.7504,-0.5227937,-15.90558,-0.4393405,27.7683,0.3096353,0.02477212,0.9598374,-0.0136182,-1.176498,-16.67044,27.09894,-0.01147785,0.008899574,1.525802,0.975001,0.19033,0.1778404,0.44528,1.385556,376
0.0,31.00258,0.1705692,29.57293,31.16544,33.74454,4.171614,268.8882,405.8655,108.2927,187.7808,0.0588885,1.026156,0.01776369,0.03797444,0.09045732,0.07269363,1.522678,4.147857,1.309447,4.737017,0.03454689,2.32373,0.875186,1.136253,8.680618,0.3699301,5.541945,1.197582,26.16064,0.3778502,678.0189,0.2386675,1383.419,0.1519481,-149.8893,-0.5411578,1681.401,0.1300022,-151.6253,-0.5075151,2697.656,0.09471335,-153.5677,-0.4805714,-18.22149,-0.4426724,29.24693,0.3277967,0.008566866,2.755408,-0.008319188,-1.711758,-17.07291,28.53153,-0.01456515,0.01254798,0.08657748,0.752876,0.19622,0.1814136,0.48195,1.173339,377
0.0,21.46985,0.1701827,19.37358,20.36732,22.48749,3.113907,156.3448,329.2002,63.40233,138.0161,0.1512828,1.042209,0.02423374,0.08451664,0.2718942,0.2476604,3.506314,2.658052,2.666031,2.723068,0.02891076,1.087551,1.301952,0.9378362,3.891924,0.5751039,6.131648,0.8262128,25.49805,0.281851,474.5287,0.2736441,1343.375,0.1495916,-137.4215,-0.6466393,1442.02,0.1444445,-141.5162,-0.5848612,2414.473,0.08634548,-143.3899,-0.5583488,-16.79977,-0.3389637,25.94239,0.2663539,0.003472066,6.444578,-0.01416996,-1.145833,-16.76122,27.18965,-0.01518015,0.008162275,1.127643,0.9979742,0.1855,0.1615314,0.38269,1.036331,379
0.0,25.78728,0.1548813,22.74724,24.83698,28.50385,5.756609,130.4155,281.4481,64.88861,248.8202,0.2134695,1.180422,0.02066651,0.09341792,0.4024379,0.3817714,5.280563,3.454187,4.193319,3.368135,0.02433438,1.390966,1.160285,1.023222,5.746469,0.4475727,4.386425,1.372589,20.08829,0.4308143,504.6773,0.2714995,1388.993,0.1281551,-128.0438,-0.7268632,1476.97,0.1232933,-131.4348,-0.6698539,2497.992,0.07208338,-133.4948,-0.6389254,-12.68884,-0.540135,21.80375,0.3496819,0.01527272,1.647015,-0.01306352,-1.264928,-15.85426,27.45409,-0.01579425,0.01220311,1.662606,0.5086133,0.25233,0.2314002,0.48994,1.255264,380
0.0,21.45266,0.1371757,19.56749,21.00782,22.80322,3.235727,75.7764,133.7518,33.76519,78.50838,0.05326361,1.062711,0.01757395,0.02605835,0.0836525,0.06607854,1.442028,1.175408,1.246582,1.182411,0.02625499,1.137105,1.29714,0.9893192,4.513979,0.4077142,4.580577,1.117757,28.93503,0.2576049,456.2248,0.2600538,1371.761,0.1344201,-154.679,-0.5228834,1403.412,0.1379817,-158.3535,-0.4681011,2342.211,0.08899707,-160.3034,-0.440858,-20.25084,-0.3000655,30.70804,0.2105773,0.005185029,4.430535,-0.007564704,-2.261807,-15.63003,26.95762,-0.01159973,0.01635533,1.186094,0.9180713,0.22376,0.2019675,0.69523,1.755665,381
0.0,23.466,0.1626643,20.84277,22.73426,25.57613,4.733356,185.3661,435.157,62.69191,199.0241,0.08029575,1.285691,0.01750678,0.02734643,0.1450933,0.1275865,2.421426,1.571201,2.222698,1.687561,0.02805905,1.396683,1.189517,1.055496,5.088706,0.4872926,2.807889,1.84792,26.46535,0.2996079,463.6413,0.2657812,1358.216,0.1230283,-155.624,-0.5196267,1400.515,0.1267568,-158.1698,-0.4792347,2391.909,0.07789589,-160.2032,-0.4500302,-17.50806,-0.3972412,28.60042,0.2519253,0.006675871,3.549158,-0.01016912,-1.754678,-18.02524,29.79715,-0.01597494,0.01579234,1.364977,0.9755625,0.2290174,0.191975,0.7809274,1.786972,382
0.0,22.49858,0.1632124,20.21015,21.63636,23.95747,3.747324,114.595,323.6206,93.44152,248.2896,0.08045405,0.9586142,0.01967254,0.05066649,0.1357628,0.1160902,1.665282,2.044083,1.093553,1.403483,0.02722421,1.338959,1.061113,1.01067,4.924574,0.3898646,5.813924,0.8316441,29.40591,0.259802,509.105,0.3018035,1397.578,0.150673,-139.4856,-0.6224486,1509.015,0.1462159,-143.3319,-0.5642277,2477.911,0.09467808,-145.2773,-0.5374886,-19.15833,-0.3340336,28.09212,0.2423077,-0.005963714,-3.662407,-0.005496117,-2.630864,-18.04345,29.25827,-0.02028485,0.01330298,0.8458173,0.7304389,0.21188,0.1789358,0.46101,0.9934603,383
0.0,23.66537,0.2715769,21.64271,22.76684,24.0617,2.418983,371.5381,714.2052,65.61348,127.7327,0.03672445,1.7372,0.01654609,0.01810571,0.03548388,0.01893779,1.08756,2.087512,1.106988,2.630472,0.02401547,1.345476,1.106822,1.026089,5.66203,0.5655005,5.219584,1.285216,27.038,0.3559964,532.2286,0.3688095,1454.384,0.1423929,-187.5122,-0.2535464,1442.717,0.1827011,-187.8895,-0.241979,2404.708,0.1206183,-188.6423,-0.2268192,-17.97314,-0.3958735,30.96454,0.2438395,-0.001936759,-14.18486,-0.009895659,-1.72622,-16.86352,28.28933,-0.009694196,0.01606558,0.1267971,0.3431363,0.2025,0.1769956,2.645561,3.613131,385
0.0,32.64817,0.09746183,30.78624,32.29503,34.5807,3.794456,123.1323,235.2047,52.81565,137.6898,0.1464566,1.11684,0.02196336,0.08223435,0.2542669,0.2323035,2.836093,2.409452,2.613174,2.391186,0.02430767,1.595863,0.9697407,1.078665,8.554402,0.376638,4.227031,1.919102,24.98867,0.4087387,640.6902,0.2376376,1442.217,0.1382546,-124.508,-0.7470095,1612.766,0.1411556,-127.7295,-0.6846694,2590.65,0.09460369,-130.7355,-0.6406271,-15.04372,-0.5227718,26.88908,0.3414289,0.03659087,0.7248638,-0.01607231,-1.016729,-15.16036,26.00288,-0.008142279,0.009673522,1.003473,0.9621491,0.24023,0.2297086,0.36875,0.8758496,386
0.0,21.24974,0.2235809,18.44401,20.55193,22.90416,4.460146,222.967,422.7984,75.18043,174.0521,0.04730608,1.483709,0.016927,0.02136739,0.05066585,0.03373885,1.498259,1.743389,1.415624,2.561708,0.02923293,1.124998,1.307912,0.8766021,3.506595,0.6923873,3.882174,1.782819,24.7424,0.3446747,489.0424,0.3026387,1347.243,0.1435278,-188.9172,-0.2418205,1461.797,0.1417181,-189.6131,-0.2252328,2457.362,0.08582371,-190.063,-0.2156847,-16.90247,-0.394143,26.62938,0.2777873,0.002161249,9.901574,-0.009256065,-1.910387,-18.64355,30.44658,-0.02222454,0.0158412,0.2261817,0.4175039,0.1393372,0.1291867,2.215857,4.264686,388
0.0,22.72918,0.1990335,21.14972,22.26616,23.67931,2.529585,217.1229,377.1002,120.1865,415.7617,0.04592966,1.345819,0.0172116,0.02122956,0.05275241,0.03554082,1.362008,2.057596,0.9980782,1.747966,0.03005086,1.981876,1.111555,1.012557,5.429753,0.4767484,4.3498,2.306696,28.58359,0.3171962,501.0526,0.3234797,1398.717,0.1447169,-181.7947,-0.3021531,1477.58,0.1637005,-182.9114,-0.2793589,2444.72,0.1145349,-183.6876,-0.2659632,-23.83969,-0.2732992,35.2089,0.1967183,-0.0177903,-1.44185,-0.01062623,-1.547289,-20.59432,32.01055,-0.02485477,0.01412878,0.2297548,0.5350736,0.1870784,0.181153,1.606262,3.129799,389
0.0,22.3277,0.1175697,20.70491,21.76589,23.69747,2.992559,203.7365,412.437,23.38731,53.24051,0.06704329,1.218234,0.01764143,0.02920806,0.1080364,0.090395,1.679327,1.987269,1.31338,2.312696,0.0264321,1.334058,1.097209,1.017367,4.973996,0.4065438,4.259386,1.262394,29.06858,0.2853732,473.8783,0.3100446,1427.794,0.1335361,-157.6862,-0.4947153,1413.365,0.1322724,-160.4032,-0.4541779,2316.027,0.1198074,-162.5156,-0.4246076,-19.27498,-0.3747748,32.2684,0.2214571,-0.007997544,-2.966988,-0.0009240069,-19.08573,-17.82613,29.80145,-0.01628779,0.01487869,0.4695251,0.7371152,0.22179,0.2148173,0.6400499,1.441534,390
0.0,34.47262,0.1283873,31.94517,34.11786,37.36444,5.419268,133.5243,144.1615,159.616,383.2471,0.0798303,1.486288,0.0169914,0.02679565,0.1187306,0.1017392,2.419441,3.976533,1.824665,4.168989,0.02304244,2.713961,0.7252756,1.307795,10.65657,0.3127403,9.968988,1.108059,24.8951,0.421162,661.5577,0.2491108,1381.353,0.1393875,-164.7025,-0.4502275,1646.998,0.1197055,-165.6813,-0.4228801,2626.455,0.08014242,-166.8618,-0.405452,-17.30693,-0.4516192,27.23715,0.3203311,0.02751062,0.9730719,-0.006955986,-1.858,-19.51818,30.81469,-0.01686195,0.0137816,0.511697,0.7323099,0.2579317,0.2563201,1.075467,1.993157,391
0.0,32.91563,0.1084438,31.08218,32.31175,34.6699,3.587715,178.3135,317.8514,87.33569,280.0774,0.07779687,1.57664,0.0169272,0.02378786,0.1160109,0.09908371,2.678126,5.469522,2.165459,7.217092,0.01914801,1.959956,0.8982941,1.184154,8.978141,0.346136,2.968074,2.446153,19.42941,0.4622303,609.7962,0.2504379,1415.772,0.1243454,-161.4172,-0.4793487,1593.168,0.1375158,-162.1747,-0.4568301,2528.152,0.08552289,-163.1878,-0.4413769,-12.20878,-0.5680354,21.66063,0.392922,0.03721737,0.6207348,-0.01135759,-1.300036,-17.64188,29.11158,-0.0116993,0.01332234,0.4056795,0.9136111,0.2173623,0.1763743,0.8545833,1.965107,392
0.0,22.99531,0.1702614,20.99076,22.04182,23.87586,2.885094,206.5396,427.8774,135.4008,386.1775,0.0497326,1.168591,0.01889692,0.02950834,0.07635442,0.05745751,9.125933,16.39743,5.342639,8.063511,0.02169816,1.22215,0.9843389,0.9797374,5.196778,0.4196803,5.536636,0.9410189,29.77943,0.2744847,467.2025,0.2698335,1367.593,0.132244,-159.355,-0.4909677,1423.116,0.1532848,-162.0445,-0.4473304,2367.415,0.1155951,-163.8277,-0.421718,-20.19247,-0.3009595,29.31424,0.2000669,0.003990457,5.792381,-0.008070246,-2.059655,-20.26649,31.62375,-0.02026986,0.01329583,0.02063525,0.8239011,0.2503853,0.2498297,0.8989319,1.909644,393
0.0,31.08049,0.103521,29.23771,30.74534,33.08501,3.847305,236.493,360.3531,62.16414,112.0126,0.06437448,1.002223,0.01729061,0.03588575,0.1100708,0.09278019,1.660837,2.077956,1.016853,1.353777,0.02599179,2.250918,1.062802,1.100517,8.693442,0.3259861,7.230365,1.02543,25.54099,0.3574534,622.5869,0.2692225,1381.276,0.1403788,-150.8913,-0.5428308,1613.623,0.1472405,-153.1988,-0.5029887,2594.627,0.09799903,-154.9006,-0.4793605,-15.91447,-0.4333799,25.5107,0.3169709,0.01854456,1.16241,-0.005738683,-2.618044,-15.85964,26.76723,-0.005595814,0.01497093,0.4228567,1.124695,0.20887,0.1708009,0.59495,1.607089,395
0.0,21.67559,0.1837736,19.42068,20.93419,23.13438,3.713703,184.2319,321.7674,60.80099,139.7444,0.08046525,1.108944,0.0238596,0.04541099,0.1226991,0.09883945,1.974319,1.964368,1.498237,1.991335,0.03078336,1.103903,1.264056,0.8998938,4.321579,0.5049582,3.316757,1.658798,26.98075,0.2856669,468.7161,0.3372991,1380.976,0.138039,-151.1331,-0.5445036,1403.645,0.154578,-154.1523,-0.498036,2344.721,0.1039034,-156.1532,-0.4699885,-18.3582,-0.3452899,28.87884,0.2368686,-0.001701204,-14.27349,-0.005341766,-3.32537,-15.1118,25.91236,-0.01203359,0.01650822,0.4825394,1.04912,0.20583,0.2037697,0.59964,1.118144,397
0.0,18.70723,0.2081556,16.63584,17.97676,19.77989,3.144054,166.0761,357.1887,48.18074,92.80119,0.07726662,1.152218,0.01729365,0.03188471,0.1377948,0.1205012,1.913147,1.325275,1.473858,1.155373,0.0288125,1.218488,1.089197,1.081648,3.228381,0.6681523,2.602975,1.668839,28.52017,0.2593937,473.9296,0.2660348,1392.393,0.1328609,-165.6313,-0.4417882,1417.19,0.1353164,-167.8726,-0.4065589,2347.041,0.09421846,-169.3852,-0.3841749,-18.54541,-0.338025,29.42311,0.1985048,-0.0001350002,-155.2921,-0.01054149,-1.62756,-17.46557,29.08583,-0.01498991,0.01390512,1.442313,1.015332,0.168265,0.1565985,0.7891345,1.798717,400
0.0,32.50571,0.121609,30.68501,32.25218,34.84224,4.157234,229.304,329.7388,67.23821,127.1303,0.05636043,0.9981939,0.01719984,0.02973942,0.09207141,0.07487158,1.255135,0.9347449,0.9541199,0.8594003,0.02715788,2.064079,0.9064829,1.116757,8.824911,0.3649299,7.365383,0.9930451,25.21478,0.3531507,616.0328,0.2868252,1374.962,0.1327046,-153.7026,-0.5287982,1576.008,0.1316919,-155.1405,-0.4970652,2620.376,0.08072573,-157.2963,-0.4669563,-14.61863,-0.5059941,26.37144,0.3165163,0.01978073,1.137698,-0.001678203,-8.887247,-16.85764,28.48976,-0.0114528,0.01297797,1.226731,1.070515,0.22367,0.2290048,0.6998575,1.627565,401
0.0,31.77484,0.129717,30.75867,31.98933,33.62951,2.870832,307.7716,402.8104,87.08527,179.1615,0.07002676,1.107845,0.0188927,0.03892728,0.1132051,0.09431235,1.84638,2.274442,1.30864,2.241169,0.030182,2.189867,1.015535,1.094584,8.739141,0.3674355,3.859038,1.525036,25.45711,0.3874869,678.5153,0.2499573,1440.292,0.1547528,-155.7162,-0.5043311,1622.847,0.1356733,-156.9073,-0.4761487,2683.77,0.1010943,-159.3561,-0.4424621,-16.88345,-0.4713047,31.11453,0.3045963,0.0116245,2.12447,-0.008253138,-2.025043,-16.3691,28.45097,-0.01453644,0.0134039,0.4688743,1.046649,0.18904,0.1690381,0.55782,1.363997,402
0.0,33.58809,0.07811527,31.83058,33.20768,35.15732,3.32674,164.3179,340.3995,24.31036,65.81006,0.2071633,1.146647,0.0234847,0.08371225,0.4105031,0.3870184,3.815316,2.61442,3.592211,2.824112,0.01584155,1.75087,0.746399,1.105301,9.958587,0.2426659,2.95912,3.746386,17.56507,0.5275489,639.8764,0.2469763,1421.167,0.1464794,-123.8512,-0.754142,1635.636,0.1297563,-126.284,-0.7004091,2569.149,0.07377256,-127.7248,-0.6782317,-13.39948,-0.4420967,22.27091,0.3344992,0.03215476,0.8590963,-0.01543674,-1.043709,-16.58969,27.25207,-0.01329173,0.01332755,1.524655,1.154863,0.3429719,0.2895399,0.5012224,1.684643,403
0.0,23.62567,0.1693591,21.19982,22.64841,25.35412,4.154306,198.8421,429.1671,49.12547,85.82039,0.06782636,1.23457,0.01778117,0.02945515,0.1088712,0.09109006,1.801542,2.407623,1.413255,2.613974,0.02347391,1.567209,1.040884,1.089829,5.623833,0.3677504,5.099302,1.183456,25.72569,0.3325095,508.6913,0.2941703,1373.518,0.1315844,-161.5023,-0.4715835,1457.1,0.1302623,-163.9209,-0.4334103,2441.888,0.0866937,-165.2676,-0.4135392,-17.34314,-0.3839645,27.36253,0.2758646,0.002878583,7.027769,-0.00881198,-1.739403,-17.16908,28.30871,-0.01790704,0.01375599,0.5766901,0.8845409,0.22057,0.1978155,0.85765,1.771724,404
0.0,33.26477,0.1308688,31.23193,32.98392,35.75744,4.525511,214.4792,305.7968,68.61234,156.2327,0.08813508,1.21285,0.0169791,0.03551438,0.1571458,0.1401667,2.160093,1.77794,1.987833,2.132682,0.02984697,2.356384,0.9696223,1.198914,9.523798,0.3408703,5.624207,1.387089,24.55902,0.3628763,617.5231,0.269691,1399.492,0.1250699,-149.0725,-0.5615424,1572.668,0.1308648,-150.5822,-0.5251746,2592.326,0.08960899,-152.8598,-0.4937361,-15.71325,-0.4701084,27.4832,0.3077964,0.02088555,1.214196,-0.007361291,-2.071918,-17.93952,29.56407,-0.01472024,0.01349767,1.051552,1.227606,0.2164899,0.1759521,0.5823007,1.677163,406
0.0,23.02542,0.1490073,20.92662,22.19404,24.33184,3.405224,148.027,348.5156,41.15033,86.02684,0.1499781,1.195195,0.02190641,0.06576365,0.2618574,0.239951,4.278216,3.030149,4.043341,3.262861,0.03377065,1.107249,1.545778,0.9004125,3.563234,0.680687,6.310732,0.7963977,22.91872,0.3671136,536.694,0.3071159,1437.087,0.1307198,-142.8138,-0.604592,1479.273,0.141202,-145.2372,-0.5670158,2492.094,0.08650096,-147.259,-0.5383315,-12.88636,-0.4715956,23.35617,0.2992015,0.01116307,2.12423,-0.01196833,-1.476755,-15.64117,26.46878,-0.01493784,0.01181276,1.96728,0.9686732,0.14202,0.127135,0.34353,0.7672992,409
0.0,25.89181,0.1486142,23.65752,25.09525,28.09974,4.442228,339.4559,526.4509,79.51789,188.1341,0.06713962,1.335181,0.01717386,0.02882991,0.1129504,0.09577653,3.091754,9.030079,2.935504,8.661287,0.0313057,1.890533,1.029539,1.021799,6.745713,0.3410455,1.572817,3.98285,28.06651,0.3144777,585.3591,0.2842057,1430.805,0.1299301,-166.5826,-0.4275093,1540.91,0.1671177,-168.7204,-0.3922973,2589.495,0.08709805,-170.6144,-0.3647655,-21.0905,-0.3085527,34.01456,0.2077786,0.002001338,12.61075,-0.01661505,-0.9840963,-17.27447,28.63451,-0.01603288,0.01303514,0.103864,0.7072582,0.2524092,0.2632076,1.14789,2.275653,412
0.0,30.98714,0.1465004,28.52018,30.05963,33.86288,5.342701,199.6815,294.4829,69.05658,172.6565,0.08857306,1.134297,0.0172616,0.03940299,0.1630496,0.145788,1.851679,2.959548,1.35917,1.742773,0.02326032,2.119956,0.9582518,1.2108,8.46404,0.3870433,3.348987,2.112465,24.28624,0.3816791,609.3641,0.2575353,1419.415,0.1432233,-144.6136,-0.5973002,1598.742,0.1400563,-147.0044,-0.5528951,2560.576,0.08887746,-148.834,-0.526935,-15.34031,-0.4645311,25.27117,0.3154376,0.0358758,0.6865726,-0.01344018,-1.121101,-16.75262,27.82952,-0.006332554,0.0118514,0.6370449,1.003271,0.20435,0.1715855,0.48884,1.434972,413
0.0,35.19473,0.1119907,34.53729,35.61888,36.98812,2.450829,325.3324,386.6932,75.81995,121.1473,0.094379,1.168591,0.01813585,0.03957869,0.1687776,0.1506417,2.714046,1.879696,2.067705,1.724714,0.02713538,2.30228,1.025862,1.190213,10.56221,0.3461977,10.21202,0.9137833,29.10172,0.3077486,686.8069,0.2079535,1371.063,0.1474356,-149.7341,-0.5481226,1696.83,0.1365933,-150.9747,-0.5137293,2720.206,0.08270167,-153.1797,-0.4829816,-19.35946,-0.4511496,30.69995,0.305157,0.03512941,0.7752309,-0.01230039,-1.144639,-17.40322,28.55214,-0.0132457,0.01054145,1.573723,1.016012,0.20709,0.1772546,0.55077,1.375251,414
0.0,32.51931,0.1404496,30.67215,32.32878,35.27823,4.606079,244.0545,340.3819,91.51687,201.2733,0.08885726,1.249155,0.01777465,0.03567161,0.1494975,0.1317229,2.748162,2.548827,1.960578,2.186733,0.03316155,2.240591,1.029514,1.060629,8.770233,0.4044534,7.139939,1.235258,25.80131,0.3901273,580.6304,0.2953617,1416.353,0.1473701,-155.8554,-0.5109873,1579.231,0.1534384,-156.948,-0.4774987,2546.644,0.09370328,-158.3496,-0.457977,-18.0223,-0.4298743,28.04838,0.3090674,0.02585419,0.9833522,-0.01105593,-1.44623,-18.234,29.62271,-0.01231463,0.0107364,0.9312275,1.17852,0.1990761,0.1846975,0.6496067,1.625707,415
0.0,22.1181,0.1868311,18.99628,21.13152,24.32544,5.329161,91.98191,160.3354,53.48553,140.0033,0.085131,1.078234,0.01861399,0.04571602,0.1420092,0.1233952,2.003536,2.240093,1.829797,3.344603,0.0243972,1.274785,1.10135,1.016398,4.616001,0.5139371,6.109307,0.7666333,20.74939,0.3747506,483.8352,0.3238264,1389.917,0.148608,-140.537,-0.6259205,1432.179,0.1579912,-143.0603,-0.5852836,2390.206,0.08907652,-145.0098,-0.5575897,-13.36773,-0.4740007,23.05596,0.3276614,0.01132719,1.784643,-0.005974289,-2.793911,-15.11869,25.85398,-0.009177278,0.014378,0.4585408,1.155108,0.23824,0.2317298,0.51936,1.188913,416
0.0,31.39892,0.1215043,29.19028,30.65692,33.49121,4.30093,200.5802,319.1653,50.34028,113.5211,0.07034241,1.027697,0.01860728,0.03477448,0.1233082,0.1047009,1.176594,1.201461,0.6931521,0.9539813,0.02120901,2.309731,0.8422414,1.215983,8.712441,0.3617296,0.8915653,8.327108,21.23296,0.4084172,578.8488,0.2520474,1410.037,0.1344335,-150.1896,-0.5567231,1576.631,0.1420059,-152.2461,-0.5183914,2562.829,0.0884329,-154.0239,-0.4932933,-14.62045,-0.458445,24.79251,0.3255607,0.02774364,0.8124424,-0.01256166,-1.102483,-17.93842,29.5441,-0.01448444,0.01242995,0.3305916,1.128363,0.21651,0.1759952,0.59171,1.269627,417
0.0,32.71019,0.09998447,30.24,32.11809,35.1035,4.863504,114.0773,194.6447,33.81176,73.45816,0.1106258,1.192898,0.0194289,0.04146406,0.2000848,0.1806559,2.444847,1.711133,1.965676,1.600263,0.02137422,1.641493,0.8672853,1.142641,9.356422,0.3002986,6.4939,1.416794,27.30865,0.2942091,554.2994,0.2870153,1448.443,0.1215594,-135.2507,-0.6692666,1506.339,0.1400374,-138.0056,-0.6123356,2480.771,0.08131877,-140.823,-0.5727877,-17.36182,-0.406628,27.76531,0.2694261,0.03809908,0.6860914,-0.00895773,-1.764633,-17.302,28.31457,-0.007885431,0.0153859,1.319329,0.9181556,0.27934,0.248149,0.5116,1.280568,418
0.0,32.97168,0.1001431,30.61284,32.38931,35.3563,4.74346,136.6162,279.2656,35.53324,95.79034,0.1196542,1.015846,0.02100595,0.0655437,0.2184018,0.1973959,2.422642,1.474329,1.81953,1.410344,0.01868831,1.979868,0.842373,1.283211,9.618146,0.318288,5.46323,1.445994,22.69416,0.3661332,633.2571,0.2398524,1377.516,0.1231264,-119.3936,-0.7891859,1613.734,0.12426,-123.3361,-0.7171938,2644.448,0.06548578,-125.5739,-0.683595,-14.29206,-0.4545544,23.09663,0.3291305,0.0396909,0.6226348,-0.01161935,-1.227569,-16.70547,27.79911,-0.006920162,0.01090154,1.869159,1.10346,0.26108,0.2249641,0.35494,1.059501,419
0.0,23.14344,0.1468236,21.40143,22.55556,24.09766,2.696222,262.8269,531.3439,43.64259,74.8731,0.05505222,1.13698,0.01690396,0.0257096,0.08873495,0.071831,1.469421,2.062438,0.979237,1.540702,0.020606,1.201042,1.015724,0.9699185,5.316282,0.3905213,9.902845,0.746839,29.50297,0.3016258,527.8435,0.31159,1456.624,0.1297047,-162.5515,-0.4584462,1465.041,0.1622768,-164.1599,-0.4317645,2437.044,0.1069291,-166.1786,-0.4026337,-17.88395,-0.3710696,30.24676,0.2184975,-0.007999352,-2.345663,-0.009905852,-1.54607,-18.40348,30.02708,-0.01971708,0.01446843,0.463347,0.8304413,0.2371527,0.2118015,0.9387586,2.041182,420
0.0,34.50354,0.1520708,32.78453,35.08671,37.8228,5.038273,268.4391,382.4491,100.6029,218.1672,0.0885778,1.070338,0.01834637,0.04596396,0.1526719,0.1343255,2.11101,1.706566,1.523944,1.518924,0.03416554,2.102714,0.9892024,1.115886,9.316899,0.4163389,6.981173,1.178863,25.75424,0.4020813,693.8145,0.2190822,1366.765,0.1575879,-143.5344,-0.5962177,1710.162,0.1441006,-144.6844,-0.5583602,2632.396,0.08658444,-146.3605,-0.5351534,-16.06111,-0.4792612,25.75447,0.3679501,0.03593588,0.7090383,-0.01435198,-1.120197,-16.78021,27.60556,-0.01088431,0.01077549,0.8939075,0.7493219,0.20594,0.1802839,0.45546,1.112595,422
0.0,31.2867,0.110952,29.965,31.46892,33.13754,3.172531,256.2582,391.7133,75.95284,245.5099,0.09499273,1.250151,0.01763334,0.0353982,0.1669659,0.1493326,2.472384,5.869358,2.158412,6.336389,0.02330369,2.230193,0.9296734,1.171229,8.026059,0.4013184,1.792146,4.21196,20.99625,0.5590511,606.7648,0.2292912,1410.343,0.1406197,-148.8347,-0.5719337,1612.007,0.1445019,-151.3005,-0.5311143,2540.001,0.09715588,-152.7535,-0.510473,-12.45042,-0.5731528,20.80743,0.3709414,0.03181741,0.6743111,-0.01416474,-1.201786,-17.48682,28.66918,-0.01407062,0.01138062,0.2038378,1.004177,0.24389,0.2258194,0.6607299,1.493809,423
0.0,32.93369,0.1374475,31.82563,33.26411,35.28252,3.456886,375.2087,460.8604,75.0083,204.0626,0.07053308,1.040624,0.0174676,0.03526656,0.1188669,0.1013993,1.412109,1.021568,1.107212,0.9179917,0.02637659,2.544478,0.821784,1.203407,9.767943,0.3463764,5.864123,1.681717,24.52217,0.3957912,674.0537,0.2350115,1371.965,0.1391861,-140.1603,-0.6250504,1661.197,0.1220236,-142.2702,-0.5814047,2619.165,0.07589654,-144.7977,-0.5461055,-16.55753,-0.4506482,27.28246,0.3158041,0.03008014,0.7628533,-0.007895696,-1.907786,-16.30631,27.39516,-0.00929643,0.0146726,1.401987,0.8659958,0.2399,0.2068589,0.51318,1.414793,425
0.0,24.76695,0.169873,22.86566,24.231,26.06366,3.197996,304.3728,514.5114,62.72313,91.72985,0.06270733,1.101929,0.01793013,0.03122331,0.1055823,0.08765215,1.295492,1.737059,1.015893,1.993992,0.03395893,1.971795,1.086787,1.050554,5.752415,0.4828183,7.905158,0.875452,31.28411,0.2578603,503.7445,0.3019625,1424.122,0.1334912,-165.018,-0.4382401,1448.923,0.1657229,-167.0838,-0.4039702,2458.093,0.09453243,-168.6743,-0.3803952,-20.51846,-0.3203678,31.39923,0.2052724,-0.00406825,-5.247698,-0.01040127,-1.454902,-19.39976,30.77804,-0.01668383,0.01137139,0.2987897,1.146219,0.1564257,0.1491528,0.6892323,1.217803,426
0.0,30.33911,0.09494728,28.62375,30.11031,32.06353,3.439781,142.7948,217.1783,48.22066,157.0664,0.0407516,0.9672071,0.01660326,0.02039097,0.06461941,0.04801615,1.002571,0.8558043,0.6540654,0.6065414,0.02450466,2.180294,0.9875764,1.162791,8.564152,0.3152131,0.6826185,7.566797,22.50158,0.3296393,613.6194,0.2480852,1406.268,0.1436535,-165.2471,-0.4383972,1590.054,0.1493593,-166.7979,-0.4107581,2564.684,0.1093406,-168.2012,-0.3903448,-16.42615,-0.3549592,27.33831,0.2640733,0.01890822,1.133603,-0.01183607,-1.170123,-16.56361,27.946,-0.0150321,0.01452633,1.065624,0.9681786,0.186718,0.1484561,0.8243313,1.903239,427
0.0,26.35734,0.117224,24.36366,25.78468,27.77449,3.410831,117.9575,265.2962,67.30626,194.2052,0.06636773,1.440796,0.01847738,0.02315375,0.1039333,0.08545591,2.116243,2.547894,1.51085,2.045097,0.02601316,1.381578,1.128764,1.038928,6.30161,0.3664255,3.133538,2.103983,23.46502,0.3128018,506.2939,0.2916199,1401.859,0.1302754,-158.7731,-0.4975218,1484.254,0.1426343,-161.2374,-0.4585957,2425.237,0.0870508,-162.3285,-0.4423018,-16.01067,-0.3932415,24.44699,0.2758738,0.01593027,1.521072,-0.01146181,-1.403633,-15.06046,25.8977,-0.009102904,0.01483038,0.4530671,0.828078,0.2527444,0.230681,0.9604762,2.396829,428
0.0,27.27588,0.125561,24.76952,26.81171,29.76115,4.991627,176.2673,289.7328,51.50352,87.99805,0.06516644,1.20717,0.01796526,0.02451696,0.110741,0.09277575,1.788459,1.329668,1.321952,1.181481,0.03314117,1.537186,1.140928,0.9502258,6.097519,0.445213,3.884661,2.091795,27.43153,0.3558331,543.824,0.2825662,1410.817,0.1301333,-164.9217,-0.4440999,1508.674,0.1418591,-167.0211,-0.4095361,2500.007,0.08239113,-168.6054,-0.3863443,-17.61056,-0.4393407,29.2441,0.2946431,0.007438899,3.423863,-0.009033796,-2.071611,-15.14192,26.32955,-0.01061043,0.01910988,1.149881,0.9713402,0.1851505,0.1717938,0.849368,2.080213,429
0.0,21.52639,0.1715998,18.73568,20.97389,23.60358,4.867897,110.607,210.1583,39.69162,78.96648,0.06165714,1.05291,0.01718229,0.02849734,0.1056397,0.08845744,1.493215,1.167571,1.17274,1.065985,0.02937156,1.14444,1.288647,0.879894,3.494958,0.6954114,5.302279,1.396436,23.83416,0.3556384,471.8911,0.3366878,1356.84,0.1500499,-161.8345,-0.4683551,1400.572,0.1674376,-163.5154,-0.4410218,2381.691,0.09878527,-165.1424,-0.417303,-15.81269,-0.4282832,25.09612,0.2918722,0.001681491,13.56629,-0.007831584,-2.357418,-15.79835,26.97151,-0.01223534,0.0151225,1.376556,1.076215,0.178589,0.1750548,0.7316803,2.092958,430
0.0,20.50146,0.06492756,19.67848,20.37194,21.18216,1.503681,305.6577,883.5905,16.80541,33.43824,0.0532964,1.114144,0.01666081,0.02150049,0.09529203,0.07863122,1.423112,0.9912855,1.104626,0.8420973,0.01841113,1.153515,1.192078,1.056484,4.278067,0.3529651,4.237705,0.7549726,23.09626,0.2693646,456.8591,0.2781691,1355.424,0.1469357,-154.1347,-0.5311428,1400.557,0.1373602,-157.128,-0.4872752,2341.014,0.08320366,-158.5566,-0.4666252,-15.62548,-0.3227951,24.84619,0.2402981,0.007456227,2.671479,-0.008141267,-2.10028,-15.34939,26.48526,-0.01113276,0.01863633,1.262019,0.9041705,0.2552552,0.1938043,0.8537588,2.427097,433
0.0,24.30604,0.136946,21.73062,23.90227,26.48473,4.75411,130.4441,211.419,34.591,174.2833,0.1300895,1.16506,0.01830032,0.06574377,0.2253538,0.2070535,2.774585,1.862566,2.43159,2.025847,0.02442773,1.346191,1.167692,0.977107,5.088809,0.4815111,6.625683,1.119066,22.03906,0.4676425,486.9477,0.3085273,1393.441,0.1339715,-122.864,-0.7720331,1457.789,0.1499515,-125.8873,-0.7200723,2436.208,0.0878967,-128.293,-0.682955,-13.25354,-0.558096,23.22318,0.3618564,0.01272377,2.027957,-0.0102975,-1.607301,-16.89487,27.96754,-0.01834145,0.014368,1.633469,0.7576676,0.27113,0.2219978,0.43565,1.382268,434
0.0,24.48955,0.08072417,23.18708,24.03933,25.40255,2.215462,78.7979,145.9187,23.31119,61.48241,0.04625154,0.9013796,0.01764249,0.02602231,0.07149637,0.05385389,1.034838,0.6313475,0.8070149,0.5981822,0.0239246,1.108273,1.251991,0.9789759,4.58479,0.4842521,3.36272,1.246061,19.06578,0.4345395,470.0522,0.3240797,1368.016,0.1653609,-163.2656,-0.4568394,1423.316,0.1183271,-164.7199,-0.4332762,2461.493,0.06980953,-165.8359,-0.4170646,-12.18894,-0.4667532,21.50517,0.3282987,0.01857495,1.185465,-0.001499826,-9.945081,-16.04956,27.10103,-0.005810934,0.01313125,1.82442,1.369505,0.1292463,0.1222731,0.5761985,1.767762,436
0.0,24.73763,0.1491269,21.97206,23.97127,27.00922,5.037159,101.0994,250.5245,19.11287,30.82883,0.0495369,0.84397,0.01708096,0.0292266,0.08092152,0.06384055,0.8635286,0.5927542,0.6043081,0.459581,0.02245688,1.505586,0.9157926,1.196848,6.508343,0.3724657,6.605394,1.204911,30.53105,0.2722215,481.638,0.3016019,1416.128,0.1438168,-141.4941,-0.6122416,1408.545,0.1796963,-145.7039,-0.5476766,2398.041,0.1047917,-148.0491,-0.5152697,-21.8458,-0.3103567,30.85747,0.2129065,0.006343308,3.811314,-0.009676894,-1.742295,-16.87671,28.11513,-0.01059773,0.01459616,1.504255,1.177108,0.24305,0.2192514,0.5215,1.506483,437
0.0,32.55535,0.11749,30.68735,32.39286,34.75524,4.067892,249.2412,373.591,74.15475,177.4096,0.127343,0.9287871,0.02664692,0.0900945,0.2117095,0.1850626,2.393589,1.708035,1.841168,1.526302,0.03272347,1.848317,1.044172,0.9810583,7.933431,0.4343729,6.88507,1.263293,25.74665,0.3334599,573.1889,0.2834994,1413.011,0.1330822,-119.9704,-0.7812135,1546.208,0.1485368,-122.6711,-0.7155405,2527.185,0.08754848,-125.7602,-0.669021,-15.91178,-0.4751112,26.15366,0.2905457,0.03027193,0.8797742,-0.01101282,-1.458796,-15.10593,25.80226,-0.005724425,0.009373691,1.824707,0.7784889,0.2241,0.2031792,0.34742,1.251852,439
0.0,31.27232,0.0955608,29.68531,31.08846,32.93924,3.253927,215.3365,371.0169,56.79789,142.6269,0.06404409,1.106848,0.01777789,0.02993657,0.1048241,0.08704625,1.677927,1.605533,1.12167,1.239466,0.02176226,1.89886,0.9845104,1.080224,8.300431,0.3762299,3.311985,1.808991,22.90548,0.4391961,672.8972,0.2192977,1375.624,0.15541,-153.6321,-0.527353,1672.085,0.1392716,-155.7588,-0.4912526,2655.818,0.1057658,-157.5174,-0.4665693,-14.36005,-0.5481263,25.13451,0.3729744,0.01945034,1.083297,-0.01215578,-1.326072,-16.94457,28.23292,-0.0145927,0.01227739,0.7764711,0.7071936,0.2174,0.2011617,0.56705,1.637391,440
0.0,26.49354,0.108607,24.77772,26.38345,28.12962,3.351904,190.4154,336.7183,34.61887,57.87198,0.03875345,0.9868196,0.01770035,0.02064869,0.05328754,0.03558719,0.9623386,0.7044846,0.7680838,0.6477968,0.02893858,1.322912,1.098327,1.048869,5.894115,0.4011171,4.03744,1.367158,26.4612,0.337347,563.5475,0.2753619,1420.885,0.130537,-175.9628,-0.3602417,1558.836,0.1425469,-177.558,-0.332799,2503.21,0.0971596,-178.3543,-0.3197694,-16.03579,-0.3909724,25.23829,0.2979403,0.01497818,1.424148,-0.008662811,-1.768343,-16.27896,27.67781,-0.008932105,0.01377163,0.9451348,0.7701495,0.1573262,0.1308715,1.1279,2.851083,441
0.0,21.21831,0.1386482,19.18595,20.83141,22.92677,3.740822,126.8537,182.4575,16.94213,26.0195,0.06331413,1.47379,0.01710309,0.02262154,0.0911051,0.07400201,1.545927,2.422736,1.30221,1.699855,0.02177784,1.192842,0.9899333,1.123348,4.570346,0.445236,0.9399192,4.312153,27.84634,0.284914,461.8293,0.2622252,1391.696,0.1228928,-164.814,-0.4627606,1376.157,0.1423775,-167.4056,-0.4223662,2342.801,0.09095569,-169.4521,-0.3912635,-19.09247,-0.3153173,31.16559,0.2083166,0.02884107,0.7951566,-0.01857372,-0.8371405,-15.87643,26.93192,-0.005174798,0.01376174,0.3108557,0.5604358,0.3106107,0.2763643,1.460435,2.839733,443
0.0,32.06881,0.1101495,29.95613,31.58986,34.00224,4.046108,222.0366,386.2607,52.77182,153.3468,0.1262295,1.023636,0.02261764,0.0751356,0.2212877,0.1986701,3.056092,2.312223,2.28946,1.953852,0.02440261,1.678679,1.154675,1.015709,8.299662,0.3786563,2.843885,2.554583,21.63253,0.3686834,606.3928,0.2504746,1472.096,0.1338638,-131.6364,-0.6879011,1589.432,0.1329979,-133.8633,-0.63992,2532.039,0.08286458,-136.2872,-0.6050277,-13.64869,-0.4584133,24.39358,0.3041604,0.02951757,0.7775674,-0.0131019,-1.109075,-14.70875,25.769,-0.01098964,0.01232793,1.877923,0.7631025,0.1932,0.1716984,0.42116,1.362082,444
0.0,24.33745,0.1277712,22.51312,24.00699,25.71606,3.202938,268.8097,448.6083,30.88947,104.716,0.09357686,1.166573,0.01767452,0.03404916,0.1751793,0.1575048,1.849417,1.187224,1.692815,1.279581,0.0252788,1.277307,1.084558,1.004483,5.65414,0.3796907,3.391006,1.333215,21.71455,0.3861025,457.5105,0.2808582,1369.501,0.1338648,-138.1648,-0.6466783,1388.407,0.1311481,-140.8043,-0.6049501,2304.426,0.08071793,-143.4459,-0.5668853,-14.45135,-0.4645297,24.95643,0.2784651,0.01023905,2.299418,-0.009902617,-1.640526,-14.12798,25.50873,-0.002667359,0.01554747,1.297933,0.9611862,0.3291202,0.2725568,0.7104826,1.883182,445
0.0,29.69328,0.1100481,27.71357,28.77336,31.41393,3.700363,89.78738,212.8727,45.05641,136.0186,0.06637385,0.8518812,0.01945825,0.04550013,0.1089356,0.08947733,1.274669,0.87264,0.8492249,0.6978073,0.02182207,1.704044,0.9883513,0.993302,7.875463,0.3233216,8.094714,0.9260034,29.14501,0.3198943,608.1078,0.2847574,1350.292,0.1339673,-141.0764,-0.6145834,1616.908,0.1393622,-144.6268,-0.5577794,2645.842,0.08747096,-146.5972,-0.5302138,-17.89122,-0.4211488,28.22861,0.2946974,0.009238311,2.393097,-0.009153487,-1.840172,-15.99574,27.11155,-0.01112035,0.01217194,1.751821,1.001663,0.20811,0.1545741,0.474,1.335693,446
0.0,27.04748,0.1108866,25.39339,26.71013,28.52845,3.135063,143.4309,345.5198,46.42662,118.6356,0.09240379,1.03313,0.01887857,0.04497851,0.1654595,0.1465809,1.803309,1.202691,1.46894,1.213904,0.02064439,1.550894,0.9057346,1.201445,7.030789,0.3910732,3.066312,2.085117,26.208,0.3093033,488.981,0.2744523,1342.383,0.1367956,-134.0962,-0.6873886,1456.511,0.1484265,-138.6911,-0.6156007,2458.947,0.08199045,-141.0699,-0.5811003,-17.26515,-0.3554727,26.97301,0.2427949,0.02648252,0.952628,-0.0136528,-1.173264,-17.16244,28.58622,-0.01090694,0.01439621,1.497032,1.13991,0.2870695,0.2763506,0.5833187,1.687787,447
0.0,26.42825,0.1254243,23.88557,26.00318,28.51791,4.632339,154.3388,276.4407,54.47317,199.818,0.1046955,0.9596948,0.02383449,0.07210215,0.1706517,0.1468172,1.96241,1.620878,1.40498,1.517479,0.02301762,1.459797,0.976424,1.082063,6.507661,0.4093654,7.984972,1.006081,27.88624,0.3401849,542.8347,0.2728116,1388.478,0.1261671,-124.9296,-0.744464,1523.28,0.1523577,-129.4216,-0.6724597,2503.082,0.08502538,-132.5165,-0.6276821,-17.42349,-0.4261811,28.20927,0.3031244,0.01673896,1.519445,-0.01307411,-1.329541,-14.30399,25.34812,-0.007280633,0.01388511,0.8656296,0.82445,0.27986,0.2506424,0.46573,1.274763,448
0.0,28.75654,0.08594999,27.08844,28.41235,30.18391,3.095472,153.3171,260.051,24.59554,58.28541,0.1235841,0.9039015,0.0253206,0.08974483,0.2116438,0.1863232,2.512395,1.544665,2.045497,1.490784,0.02456758,1.48248,1.138592,1.070265,7.379546,0.3526923,3.778608,1.507623,27.85032,0.306194,564.0948,0.2591639,1403.877,0.1204739,-107.7323,-0.8785025,1524.447,0.138063,-112.9634,-0.7865299,2558.136,0.08322576,-117.7151,-0.7128964,-16.06709,-0.4166891,27.70472,0.2799489,0.02626679,0.8722344,-0.01354647,-1.091646,-16.42045,27.43808,-0.009022014,0.01149843,2.053045,0.9712132,0.22036,0.1703839,0.28836,1.007197,449
0.0,29.26898,0.1309117,27.36211,28.95127,31.23991,3.877792,267.5932,451.7595,44.52801,60.83448,0.1076891,1.75985,0.01815211,0.03837262,0.166448,0.1482959,5.722767,8.645063,3.097674,4.580686,0.02601844,1.890846,1.041715,1.137825,7.24584,0.4178877,2.549267,2.165015,25.91854,0.3668657,588.7394,0.2551012,1410.138,0.1311626,-146.4215,-0.5848107,1566.221,0.1447178,-149.3428,-0.5381826,2561.192,0.09224735,-151.7289,-0.50453,-15.40721,-0.4663492,26.16704,0.3410459,0.03099936,0.8010069,-0.01431199,-1.144812,-15.55602,26.24015,-0.007733947,0.01075569,0.1884903,0.8415101,0.20912,0.1782325,0.59273,1.632579,451
0.0,30.62936,0.1780373,26.74266,30.02743,34.02828,7.285622,216.585,285.7003,67.64346,229.093,0.05657711,1.500581,0.01748733,0.02417059,0.07590811,0.05842078,2.804995,4.111335,2.263622,3.33821,0.0289866,1.851312,1.246531,0.9525149,7.372272,0.4816842,5.570474,1.435576,26.23202,0.3554274,614.4969,0.2670884,1424.015,0.1343839,-174.2297,-0.3733279,1581.145,0.1446409,-174.8951,-0.3532788,2600.453,0.0930078,-175.9909,-0.3356488,-16.19381,-0.4536332,27.44522,0.3001004,0.0211827,1.105394,-0.01192743,-1.220057,-17.17675,28.37657,-0.00625421,0.0096771,0.2561902,0.8892593,0.1518881,0.1342567,0.9764419,2.28614,454
0.0,30.53433,0.1307901,28.03186,29.67218,33.04527,5.013411,125.6359,218.3963,65.98862,164.0259,0.07487052,1.116021,0.01828631,0.0354494,0.1225249,0.1042386,1.680115,1.121887,1.240786,1.048588,0.02829192,1.721124,0.96811,1.147961,7.754631,0.4181239,4.87814,1.498684,24.64985,0.4075403,559.0388,0.2834631,1427.445,0.1295683,-143.2836,-0.6088995,1549.9,0.1474147,-145.6173,-0.5646436,2511.743,0.09318756,-147.776,-0.5342593,-15.23818,-0.5138702,26.5505,0.345929,0.02569612,0.9607483,-0.007755016,-2.000554,-16.75172,28.01678,-0.008623779,0.01257017,1.49922,1.332729,0.21449,0.1941158,0.5198886,1.480265,455
0.0,30.61558,0.1206548,28.43925,30.29638,32.90322,4.463966,265.9025,342.5941,66.25934,151.0018,0.09397618,1.086075,0.01874865,0.04091719,0.1740402,0.1552915,2.508218,1.514901,1.942887,1.420263,0.02924681,2.191749,1.015861,1.224995,8.438352,0.3802605,4.610276,1.786924,28.47723,0.374705,665.1762,0.241805,1433.205,0.1431823,-147.3983,-0.5605628,1661.919,0.1481594,-149.8845,-0.5168173,2625.286,0.1027322,-152.1021,-0.4866341,-19.0696,-0.4257306,30.50569,0.2886826,0.01823665,1.419574,-0.01635874,-0.93457,-17.02725,27.8781,-0.009237159,0.01082605,1.82397,1.132965,0.17281,0.147211,0.43323,1.714144,456
0.0,22.49272,0.1626806,20.55277,21.80849,23.74314,3.190367,198.1998,485.9371,71.7205,197.6201,0.0711842,1.091662,0.01903173,0.0350417,0.1185813,0.09954955,1.474462,1.287929,1.102338,1.041046,0.02566167,1.290356,1.057027,1.117914,4.740947,0.4900972,4.635802,0.9647751,28.72981,0.2928472,480.681,0.3009032,1357.454,0.1472479,-156.6066,-0.5117609,1423.266,0.1539372,-159.4661,-0.4681133,2399.67,0.09953605,-161.4518,-0.4394027,-19.01689,-0.3311233,29.83527,0.2092275,0.006830771,3.499355,-0.01244487,-1.426406,-18.54651,29.9356,-0.01979454,0.01427963,0.8240759,1.039242,0.20023,0.1842327,0.70038,1.708137,457
0.0,33.51643,0.1292332,30.3861,32.64441,36.86444,6.478342,145.6043,253.3286,58.28092,199.6493,0.1474678,1.043117,0.0219304,0.08683217,0.2707527,0.2488223,2.395684,2.010983,1.79979,1.841481,0.0199426,2.265133,0.6985571,1.278517,9.988013,0.3472647,5.414437,1.449669,26.17687,0.3861814,625.1724,0.2684719,1426.133,0.1438778,-124.1423,-0.7611827,1596.737,0.1539071,-126.1096,-0.7054793,2601.447,0.1006566,-129.7547,-0.6520013,-15.13644,-0.4682581,27.00356,0.3372022,0.04275889,0.5959407,-0.01701871,-0.9517382,-16.17695,27.57019,-0.008880888,0.009690203,1.032969,1.053031,0.34399,0.3150251,0.49987,1.313132,458
0.0,21.71328,0.1564962,20.54231,21.32265,22.20837,1.666056,149.7292,285.596,76.29845,229.5323,0.04883117,1.004677,0.01725114,0.02429307,0.081299,0.06404786,1.124264,0.7822611,0.94766,0.7238696,0.02020476,1.310486,1.089646,1.049509,4.082923,0.4899118,4.788498,0.9444451,20.07745,0.3688138,464.4406,0.3154958,1339.995,0.1558822,-165.5528,-0.4440476,1413.409,0.1213907,-166.8399,-0.4226283,2366.735,0.07594747,-168.0122,-0.404444,-12.34583,-0.4730572,22.8088,0.2910185,0.003865157,5.201374,0.001618017,10.32612,-16.73767,28.09822,-0.01302982,0.01561784,1.264499,0.9343207,0.1847201,0.1576687,0.8658352,2.323641,459
0.0,26.36615,0.1003518,24.7111,25.99367,27.79156,3.080467,100.7351,239.0223,75.0406,352.3072,0.08035015,1.180452,0.01787749,0.02943563,0.1434919,0.1256144,2.003115,1.260556,1.579898,1.122981,0.02078453,1.860137,0.9557495,1.242302,7.053932,0.3340533,3.360461,1.377705,24.91153,0.2988389,544.9221,0.2629816,1374.433,0.1170252,-148.9927,-0.5667846,1523.614,0.1377677,-152.2071,-0.5186204,2506.545,0.08163,-154.3732,-0.4883507,-16.25155,-0.3800617,26.81583,0.2656601,0.01633942,1.371469,-0.01360878,-1.07656,-15.98574,27.50333,-0.01153185,0.01295427,1.347806,0.9525065,0.2720252,0.2170002,0.7809079,2.349918,463
0.0,22.13736,0.09980836,20.57197,21.85815,23.41722,2.845247,103.0403,262.6979,19.45431,38.40276,0.1015076,1.132411,0.02020926,0.03712128,0.184489,0.1642798,2.50917,1.593536,2.204178,1.663604,0.02617323,1.094898,1.322031,1.032766,4.483448,0.4403441,4.510673,1.12265,25.31796,0.3170607,482.4736,0.3135637,1373.545,0.158406,-141.7767,-0.6177714,1447.369,0.1370576,-145.2636,-0.5662741,2429.207,0.06888976,-147.1511,-0.5393371,-15.69448,-0.417781,24.73054,0.2922856,0.005119995,4.568137,-0.01033177,-1.553605,-18.92978,30.54632,-0.02221418,0.01394446,1.982067,1.020158,0.19412,0.1475663,0.47669,1.379515,464
0.0,24.62894,0.1072241,22.94018,24.22711,26.02606,3.085884,69.14011,124.3554,32.19527,105.5294,0.0942479,1.002185,0.01831933,0.04513863,0.1743916,0.1560723,1.689933,1.160753,1.536924,1.226324,0.02244038,1.592816,1.027675,1.000725,5.930164,0.376921,3.891199,1.346163,27.90186,0.2652093,493.4624,0.250987,1342.529,0.1300835,-140.9211,-0.6270851,1476.218,0.1261124,-145.5681,-0.5586359,2453.64,0.08107,-148.0273,-0.5239952,-18.87514,-0.3108989,28.99655,0.2047324,0.007707102,3.084761,-0.01500532,-1.099776,-17.18385,28.78488,-0.01761721,0.01320693,1.501399,1.064124,0.2493,0.2112191,0.56657,1.712357,468
0.0,22.65485,0.159721,20.28269,22.13629,24.5382,4.255514,201.8917,455.3922,26.30398,58.01797,0.09041682,0.9764655,0.0186599,0.05075313,0.1587766,0.1401167,1.699335,1.114048,1.443136,1.108371,0.02478688,1.189013,1.032835,1.09556,4.804806,0.4796744,7.205595,0.8077864,22.90477,0.3260819,473.8061,0.3242684,1371.775,0.1505248,-133.1784,-0.6807701,1426.21,0.1568869,-136.2897,-0.6316074,2403.594,0.08741896,-138.508,-0.5994668,-14.85685,-0.4534882,24.48955,0.2992775,0.01029778,2.132998,-0.009080698,-2.007097,-14.82619,25.86783,-0.007639832,0.01317212,1.940138,1.004783,0.25359,0.2340584,0.50503,1.692012,471
0.0,35.43031,0.124683,32.61013,35.13553,38.38276,5.772625,170.7993,336.6488,67.88638,103.5455,0.07525531,1.191894,0.01736697,0.02589319,0.1321188,0.1147518,1.93508,1.386782,1.333846,1.046833,0.02342379,2.174005,0.8808188,1.270075,10.69119,0.3415442,3.476871,2.305967,24.15182,0.361899,694.9302,0.2406094,1374.364,0.1521008,-156.6103,-0.5017464,1690.172,0.150723,-156.8281,-0.4769837,2685.705,0.09088911,-158.6426,-0.4514502,-17.77144,-0.4375498,28.52451,0.3082896,0.02655879,1.022204,-0.01281457,-1.214939,-16.56806,27.85152,-0.0127706,0.0122681,1.230357,1.062086,0.2252972,0.207897,0.7111194,2.108718,472
0.0,29.76706,0.1058431,28.53964,29.72024,31.5244,2.984764,210.6651,359.4174,88.21667,199.6213,0.04697277,1.686705,0.01656903,0.01880099,0.03198333,0.01541429,2.493526,1.804919,2.314106,1.890116,0.02625715,1.523794,1.24023,1.079484,7.078225,0.4127421,5.414546,1.016658,23.42136,0.4253562,655.3882,0.215795,1354.55,0.1394837,-182.4272,-0.3055575,1671.762,0.1262919,-183.3013,-0.2874316,2641.565,0.07838009,-183.8128,-0.2782693,-14.07712,-0.5216438,23.34535,0.405156,0.02514171,0.948615,-0.01248027,-1.134164,-18.16057,29.51114,-0.01287066,0.01430226,0.6825555,0.5813518,0.1554193,0.1315747,1.553701,3.547547,473
0.0,24.38499,0.1136204,22.63931,23.79729,25.77787,3.138559,144.0388,358.0265,45.00378,171.4114,0.1257415,1.211592,0.01882167,0.04244607,0.2316347,0.212813,3.207049,2.395836,2.649471,2.187381,0.02459027,1.26621,1.15764,1.021835,5.30415,0.4522895,3.390796,1.439109,23.68851,0.3399938,486.6241,0.3052659,1378.254,0.1422741,-142.3419,-0.6235119,1439.418,0.1366856,-145.6791,-0.571708,2435.829,0.08444804,-147.9041,-0.5398054,-15.08617,-0.4272547,25.40835,0.2779573,0.02091515,1.153601,-0.01243524,-1.464943,-16.04077,27.86237,-0.009439964,0.01377122,1.476186,1.078353,0.22879,0.2034814,0.55876,1.353927,474
0.0,24.44827,0.1237084,22.79255,24.10008,25.71395,2.921404,111.3126,192.3167,39.04119,107.2351,0.0617014,1.248768,0.01653874,0.02326956,0.1060301,0.08949137,1.858724,1.171076,1.65181,1.248523,0.02828639,1.22926,1.214168,1.033139,5.093273,0.4705603,3.355355,1.017083,23.73398,0.3294202,500.0577,0.2892262,1450.745,0.1381577,-166.6112,-0.4384382,1429.71,0.1301354,-168.2028,-0.4120831,2381.16,0.08377372,-169.7035,-0.389434,-13.47234,-0.4521692,24.7031,0.2860612,0.01833741,1.158085,-0.009131502,-1.708007,-15.90241,27.19608,-0.005512944,0.01246098,1.229585,0.9503695,0.1739427,0.1436238,0.8704,2.922999,475
0.0,24.5039,0.1503807,22.24093,23.85151,26.11049,3.869562,175.1219,347.002,62.27656,159.5047,0.03921905,1.022953,0.01635262,0.02098674,0.05433485,0.03798223,1.072495,0.8297916,0.8678482,0.7257879,0.02423383,1.31084,1.159457,1.023122,5.4694,0.4437141,3.087692,1.437579,26.57939,0.2935907,469.1433,0.24111,1341.384,0.1317292,-170.0212,-0.4112854,1440.203,0.1222588,-172.2028,-0.3757051,2472.952,0.07691073,-173.6088,-0.3539429,-17.4705,-0.3759989,28.47759,0.2520749,0.0146013,1.489156,-0.00463015,-3.160812,-17.44317,28.98301,-0.01070129,0.0160162,1.139966,0.8591517,0.1731358,0.161647,0.9769749,2.644871,476
0.0,32.50637,0.1228398,30.67086,32.06886,34.59221,3.921345,237.5677,415.0788,62.45437,237.5844,0.1032937,1.144969,0.01826756,0.05219715,0.1747369,0.1564694,2.8425,1.997087,2.115523,1.784944,0.02639688,1.765802,1.142334,1.05634,8.002294,0.4263316,2.820318,2.355716,20.43168,0.4434943,630.2714,0.2360322,1431.604,0.1363858,-138.4927,-0.6397801,1608.118,0.1339149,-140.4837,-0.5998819,2555.623,0.09137201,-142.6506,-0.5686318,-12.33663,-0.6032576,22.90448,0.372247,0.03022237,0.7846153,-0.01086122,-1.399098,-14.78774,25.5813,-0.001557183,0.01122943,1.818927,0.8034452,0.18485,0.1543813,0.43253,1.599265,477
0.0,35.37648,0.1068522,32.82843,34.67481,38.0043,5.175869,146.7555,256.4114,53.1381,130.9332,0.09836618,1.434902,0.01722197,0.02580601,0.1650416,0.1478196,2.988713,2.208611,2.392462,1.965319,0.02498147,1.721751,1.114021,1.005907,7.81883,0.4993326,2.760315,2.947268,13.385,0.7030287,681.4182,0.2115936,1418.638,0.1424567,-153.0067,-0.5424195,1672.095,0.1116211,-152.7943,-0.5291469,2544.108,0.08445885,-153.7754,-0.5147074,-7.313075,-1.011199,16.68494,0.491722,0.03650174,0.6628877,-0.00536311,-3.162316,-14.31968,25.3212,-0.001989448,0.0143842,1.17818,1.068216,0.20676,0.1746159,0.64419,2.415146,478
0.0,21.58542,0.09949905,20.40701,21.29753,22.39922,1.992201,82.05496,271.1501,117.2671,352.8363,0.03451473,1.008681,0.01624055,0.0186939,0.0414045,0.02516395,0.9281959,0.7929196,0.7319472,0.673368,0.02568565,1.101865,1.140877,0.9919453,4.338121,0.4510574,3.046858,1.449348,25.75841,0.3055495,448.4316,0.225696,1334.601,0.1167969,-181.0021,-0.3156084,1373.231,0.1370707,-182.2663,-0.293102,2343.117,0.0859926,-183.3313,-0.2744758,-18.16529,-0.3434318,29.7367,0.2212555,0.009731708,2.102579,-0.01352771,-1.204978,-16.83581,28.21938,-0.008865716,0.0141099,0.8051495,0.6085638,0.1601264,0.1405475,1.415926,3.342789,479
0.0,24.40162,0.102506,22.70854,23.81063,25.70514,2.996595,143.1067,284.1304,32.80493,60.74145,0.0775034,1.055604,0.01819792,0.03287604,0.1395167,0.1213188,1.769404,1.159253,1.509913,1.146981,0.02643285,1.196016,1.197087,0.9346091,5.675567,0.3637994,2.209916,2.697945,23.30722,0.3422602,490.9298,0.2622842,1348.741,0.128228,-147.7606,-0.5652947,1462.463,0.1343487,-151.555,-0.5094424,2497.569,0.07483242,-153.322,-0.4849464,-18.38691,-0.3767121,28.20517,0.2744705,0.006687181,3.568297,-0.01159034,-1.557933,-14.06603,25.2378,-0.01174057,0.01557885,1.824355,0.9814121,0.19537,0.1731231,0.4887,1.491871,482
0.0,29.5293,0.1126357,27.12914,28.76062,31.76271,4.633572,194.4884,390.1418,66.05799,161.898,0.1056789,1.238927,0.01820065,0.03633668,0.1844471,0.1662465,2.898307,2.215336,2.197895,1.921038,0.02323689,1.723395,1.023579,1.085798,7.411071,0.3945366,3.775671,1.613915,22.30989,0.3917417,572.435,0.2855746,1474.312,0.1356051,-149.5594,-0.5639827,1517.244,0.1310328,-151.2827,-0.5310373,2476.682,0.08665461,-153.3669,-0.5012237,-12.97591,-0.5658256,24.67533,0.3248182,0.02858581,0.8132901,-0.008317178,-2.160787,-15.92644,27.37884,-0.01023846,0.01232223,1.33926,0.6341436,0.21118,0.195263,0.66222,1.561344,483
0.0,32.62018,0.1009246,30.78966,32.14236,34.59846,3.808794,156.1926,259.9672,46.33144,135.8974,0.07078992,0.9858803,0.01776569,0.03781109,0.1241574,0.1063917,1.336208,0.9022641,1.000637,0.8232828,0.02049693,2.119425,0.8144183,1.181171,9.227232,0.3517418,4.933,1.491841,20.82217,0.4352942,603.5497,0.2480191,1405.964,0.1278859,-137.3102,-0.6510733,1606.516,0.1320654,-139.2333,-0.6108845,2574.394,0.09297825,-141.2327,-0.5825484,-13.23261,-0.5242038,22.29003,0.3949638,0.03535927,0.6042497,-0.007639475,-1.929698,-15.18842,26.32438,-0.00575963,0.01196193,1.433465,1.004581,0.2605,0.2157366,0.513,1.356858,484
0.0,26.79973,0.07115975,25.60893,26.51444,27.7197,2.110773,135.343,236.5018,29.51397,72.59974,0.05994233,1.186234,0.01740036,0.02250811,0.1106587,0.09325834,1.577981,0.9658661,1.44609,1.038487,0.0212992,1.316509,1.149945,0.9652548,6.214481,0.3561683,-0.1406876,-32.97203,19.27475,0.4709882,495.9005,0.2849719,1403.966,0.1400234,-161.0566,-0.4837663,1440.696,0.1284237,-162.9486,-0.4531675,2470.087,0.0835767,-164.5573,-0.4296373,-12.40019,-0.4903585,22.97947,0.3284776,0.02435726,0.8276259,-0.01017795,-1.662128,-15.55449,27.02087,-0.00781103,0.01474522,1.373841,0.8164078,0.2388008,0.1724311,0.9939121,2.753623,485
0.0,27.93809,0.1369932,25.0922,27.77985,30.94329,5.851093,153.3186,298.6022,54.08965,133.4674,0.07733364,1.251124,0.01666048,0.02574036,0.1443116,0.1276511,2.092403,1.324502,1.742919,1.285939,0.02891599,1.324805,1.060071,1.070119,6.541714,0.4827283,2.66912,2.166987,25.9824,0.3471938,581.5704,0.2579622,1416.328,0.1242169,-158.5245,-0.4973462,1543.239,0.1516606,-160.9386,-0.4595234,2531.103,0.09372639,-162.6418,-0.4346453,-15.54497,-0.4554127,26.65803,0.3267546,0.03014454,0.8011954,-0.01585676,-0.9662699,-15.86196,26.96813,-0.004569275,0.01275131,1.409958,1.00258,0.2079386,0.1734657,0.7954917,2.295189,486
0.0,32.89841,0.08878648,31.67714,32.76971,34.32386,2.646721,239.2327,377.134,65.83512,132.6895,0.06303538,0.8897178,0.01730778,0.03865089,0.1067818,0.089474,1.113473,0.7172315,0.8807285,0.6876161,0.02437181,2.253604,0.900992,1.172822,9.454267,0.3125221,7.241374,1.155662,29.66478,0.3116783,628.6058,0.2393814,1416.475,0.1457684,-134.6911,-0.6724686,1584.932,0.1442161,-138.326,-0.6098725,2597.337,0.09363954,-141.4941,-0.5652894,-16.62916,-0.4533405,28.23847,0.3184214,0.03965434,0.538872,-0.01489386,-0.9502675,-15.82726,26.48285,-0.003364127,0.00961515,1.670754,0.9770969,0.20242,0.1766157,0.41467,1.401925,487
0.0,33.34761,0.1445749,31.8122,33.05393,36.22894,4.416735,260.5262,378.8927,81.80389,175.7116,0.06467269,0.9953127,0.01723623,0.03335019,0.1096892,0.09245299,1.586889,1.132353,1.133193,0.8929023,0.03022353,2.290606,0.9174977,1.145116,9.131807,0.3920065,3.111631,2.028986,24.2136,0.3888576,666.4419,0.2423671,1411.218,0.158436,-150.4364,-0.5496174,1654.195,0.1504166,-151.4378,-0.519393,2599.171,0.09472025,-153.7341,-0.4876407,-14.44185,-0.4659727,26.19902,0.3406867,0.020405,1.053184,-0.01127145,-1.429218,-16.62142,28.37569,-0.01296849,0.01372704,1.596809,1.130148,0.20513,0.1829869,0.57003,1.956777,488
0.0,21.90488,0.1195264,20.23372,21.30927,23.08969,2.855968,102.0949,249.6978,100.0324,292.8588,0.07291542,1.769262,0.01713907,0.02080377,0.06120329,0.04406422,2.845124,2.033928,2.729759,2.236075,0.02222879,1.325337,1.183455,1.051551,4.138603,0.5058213,2.486396,1.3126,18.9242,0.4650508,498.3925,0.3595645,1433.096,0.1503632,-175.7732,-0.3704017,1460.127,0.153701,-176.7565,-0.3523267,2466.749,0.08436023,-177.5256,-0.339413,-11.75206,-0.5509058,21.11952,0.3424942,0.0210635,1.057132,-0.01283985,-1.304619,-15.97597,27.24846,-0.009124192,0.01372841,0.7364941,0.5435399,0.2237859,0.2000954,1.604016,3.186081,489
0.0,23.06709,0.2028997,20.12407,21.61926,24.3285,4.204432,203.3103,419.1965,131.6841,414.9251,0.06048528,1.53091,0.01741937,0.02128983,0.07303977,0.0556204,2.168822,1.529333,2.099389,1.736843,0.02602748,1.573826,1.192937,1.051957,4.747637,0.5805511,1.752878,2.538562,20.55741,0.4435894,487.5164,0.3621298,1479.724,0.1607525,-170.787,-0.4091058,1406.242,0.1358468,-171.7582,-0.3894671,2397.243,0.08660876,-172.8793,-0.3719132,-12.76122,-0.5630569,22.83558,0.3651397,0.0201117,1.075644,-0.006939076,-2.342028,-16.31453,27.41875,-0.00895731,0.01479445,0.8071866,0.6842775,0.2163636,0.1750068,1.22482,3.106926,490
0.0,30.38663,0.1506791,27.49831,29.90839,33.35459,5.856277,198.8956,368.5602,57.36886,193.332,0.07270633,1.338104,0.01843534,0.03253654,0.1089142,0.09047881,1.989215,2.047746,1.498199,2.09235,0.02705872,1.716135,0.9832515,1.043955,7.726246,0.4101328,5.055215,1.451882,27.61482,0.36111,602.3052,0.2572046,1433.017,0.1301052,-149.8577,-0.5595762,1570.854,0.1404412,-152.3707,-0.5153751,2553.087,0.0853596,-154.4689,-0.485707,-16.36397,-0.4522049,27.63631,0.2939651,0.02749339,0.9041805,-0.01191251,-1.339614,-16.02207,26.93502,-0.008072165,0.01200595,0.3924282,1.13425,0.22611,0.2076377,0.6557231,2.241796,491
0.0,30.28874,0.102803,28.25981,29.85514,32.24869,3.988876,164.7229,280.6847,38.70335,158.1738,0.06538444,1.065051,0.01821934,0.03439257,0.1058094,0.0875901,1.553523,3.882899,0.9559392,3.116096,0.02190084,1.868156,0.9533394,1.121422,8.202733,0.3378079,3.910497,1.653462,26.63789,0.3628283,631.3798,0.2268444,1374.703,0.1352663,-143.9918,-0.5973964,1650.608,0.1408383,-147.382,-0.5442593,2649.446,0.08224263,-149.2941,-0.517639,-17.57619,-0.4431523,26.33535,0.3231487,0.02556274,0.8731258,-0.01791939,-0.8977631,-17.36483,27.97247,-0.007365484,0.007432087,0.269592,1.095963,0.21978,0.1738792,0.51044,1.374705,492
